row_id,y_test,y_pred,y_proba
20325,0,0,0.018367934142975734
23863,1,1,0.5663050290061731
19987,0,0,0.022989365250871693
21430,0,0,0.09613408918398465
9997,0,0,0.0435681335424364
16391,0,0,0.03437851147333371
3400,0,0,0.35143813662846
8482,0,0,0.019042801149508123
2823,0,0,0.0019179078566293403
7273,1,0,0.24316492054730374
13275,0,0,0.0015159934807734542
13990,0,0,0.049783648501527854
29180,0,0,0.006912222731443496
455,1,0,0.3869080203025114
5457,0,0,0.26094692121030766
6327,0,0,0.006064209223212608
16363,0,0,0.005635248475340933
31771,0,0,0.04387395290260008
26053,1,1,0.9961613393548152
10237,0,0,0.002319462839719523
10254,0,0,0.009604163026642031
14828,0,0,0.004403912790939364
4469,0,0,0.0004275907914215234
24909,0,0,0.0012231891152176507
7103,0,0,0.13935336131930412
8320,0,0,0.00037271311792119277
9975,0,0,0.13089829052184707
25603,1,1,0.8201574623924502
21523,0,0,0.00032436649909229964
21174,0,0,0.311883416455869
7336,0,0,0.4217991300045008
26819,0,0,0.027741742284631832
19742,0,0,0.3594864003526854
13909,1,0,0.21025450016110628
23314,0,0,0.021543412566700615
4171,0,0,0.01839947420051174
7445,0,0,0.07960296560674464
25133,0,0,0.4535910552184336
29171,1,0,0.4981177940737185
25638,0,0,0.04562808080554533
30154,0,0,0.0006040754064940193
2584,0,0,0.030373689019140105
12514,0,0,0.04829418435603965
18738,0,0,0.0002663967791391184
23837,1,0,0.45631624871530935
24456,1,1,0.5472528670272746
28046,1,1,0.9973733985555242
18269,0,0,0.2063917459181368
8853,0,0,0.0002571381719085388
667,1,0,0.26086439204486195
1209,0,0,0.30191647430087043
22308,0,0,0.4073453346837869
13023,0,0,0.32518985954933743
28335,0,0,0.013968348676053453
1582,0,1,0.6644236107002005
25197,0,1,0.599009497543852
24746,0,0,0.174291158229727
23520,1,1,0.5078797080931683
29496,0,0,0.00024836020157798796
21330,0,0,0.10922195216083425
1347,0,0,0.0001926234545376204
8460,0,0,0.06401304215520008
22931,0,0,0.054781409818510596
8615,1,1,0.5090187513944546
30231,0,0,0.2521288004157734
19475,0,0,0.01769588862568409
32499,0,0,0.057436407295628815
13131,0,0,0.020289848774821484
18214,0,0,0.013878124274432723
9236,0,0,0.0021970329829620176
5936,0,0,0.12000502603610597
31801,0,0,0.4690529867601345
16015,0,0,0.0015915198609952799
21221,0,0,0.0005907543200311423
13336,0,0,0.021589636334212927
28660,0,0,0.000340475398653773
16019,1,1,0.95513368712935
8586,0,0,0.07662822915186589
9130,0,0,0.04942526685558912
17322,0,0,0.2223074695094159
4383,0,0,0.0007145525296651179
8216,0,0,0.08810611574795611
20860,1,1,0.9970551284535872
1647,0,0,0.2223074695094159
20646,0,0,0.13772122476267393
15718,0,0,0.010693268383374657
24320,0,0,0.15441813644180544
31053,0,0,0.23648338965438817
12425,1,1,0.8384699356899213
31335,1,1,0.9127012310203
28271,0,0,0.00869596367357466
13738,0,0,0.21233832266599975
27686,0,0,0.024619135906134886
13219,0,0,0.1273780994500478
19035,0,0,0.0013978448242103752
10691,0,0,0.021688604118551367
29510,0,0,0.047617643366647124
30430,1,1,0.9472974868170887
6317,0,0,0.012967768994494184
2592,0,0,0.0014878734968137488
4154,1,1,0.8202145963288564
19348,0,0,0.050183521232667554
14766,0,0,0.006352680736946299
15989,0,0,0.012730880069354257
28470,0,0,0.1417090403584165
15583,0,0,0.03628111040486347
23294,0,0,0.13429177213639545
28515,0,0,0.02244447145592764
22677,0,0,0.031787764843935626
23296,0,0,0.24322439681432037
9206,0,0,0.0024757629222865577
28178,0,0,0.0028167679726336012
24974,1,1,0.9589351335687025
11010,0,0,0.4834853708101308
19005,1,1,0.5051107519284939
27105,1,1,0.6456816160351586
24758,0,0,0.002340550208719317
116,0,1,0.6522493871485652
7957,1,0,0.4621101903300387
30572,0,0,0.11896353441435703
7992,0,0,0.2072741847670246
21844,1,1,0.99343356113061
28766,0,0,0.008579526041985334
22144,1,1,0.500757275906834
23485,0,0,0.10500002866067044
31437,0,0,0.00023583907846701574
14398,1,0,0.12325112625096002
1896,0,1,0.7456557235492957
32012,0,0,0.0039257130556343755
11444,0,0,0.015245673746773386
9081,0,0,0.10605760638468609
29918,0,0,0.4602157490207985
25114,1,0,0.34544453084109755
19139,0,0,0.018008328541328444
30268,0,0,0.0196715189110409
24255,1,1,0.7464130245225015
27208,0,0,0.03402056558601643
310,0,0,0.030204666268102268
28646,0,0,0.3788604547115481
32229,0,1,0.6139926741532142
24126,0,0,0.48442171843848425
18569,0,0,0.012023103027540458
4554,0,0,0.0004391950428178579
27797,0,0,0.055536778455486775
13801,1,1,0.6510812123980935
8560,0,0,0.15975568303271956
7808,0,0,0.08068019825361815
5469,0,0,0.07469947219114399
6328,1,0,0.4946842003541551
21605,0,0,0.015152699293224528
14011,1,1,0.5703810964207001
2867,0,0,0.006557185093036715
1711,0,1,0.548819304392754
24621,0,0,0.006615568498434
8967,0,0,0.006878478504138541
17148,0,0,0.44217348642470605
23508,1,1,0.9834969471689803
9295,0,0,0.16393710775487133
19995,0,0,0.09422825057057327
18388,0,0,0.10669779231211617
16319,0,0,0.30940715999674095
16840,0,0,0.010224634502618974
20348,0,0,0.08779914513870651
14249,0,0,0.00047846756945872193
16116,0,0,0.24312199304594836
28418,0,0,0.02472171790526186
5767,0,0,0.4846716086755105
14488,0,0,0.02072184655457149
3870,0,0,0.01817942520644464
6694,0,0,0.0005957513298088207
13601,0,0,0.00032154166257830624
30788,0,0,0.028528907672794618
14218,0,0,0.01039182993622251
20813,0,0,0.1302110110974977
30392,0,0,0.41893824011257424
7200,1,1,0.8901855561010449
23961,0,0,0.24368962715903641
12135,1,1,0.6427755949830478
2566,0,0,0.34869739220947465
1529,0,0,0.014221115069445197
7420,0,0,0.0002553180455145282
32400,0,1,0.7578191220945402
28191,1,1,0.5945946569470046
13480,0,0,0.245012635454024
26486,0,0,0.061786841526913515
21445,0,0,0.026635330003174962
23680,0,0,0.14421286682597684
21297,0,0,0.0006565023936671756
17760,0,0,0.00026341499687507474
21857,1,1,0.9959317941756706
1165,0,0,0.0077076862265562
8268,1,1,0.9828265324168916
26339,1,1,0.901147098493983
15139,0,0,0.07684323920989694
24928,1,1,0.9979561603430217
26711,0,0,0.012471798201062182
21739,0,0,0.00034150497715217907
4345,0,0,0.35851870386018053
15706,1,0,0.011901367727321413
21980,1,1,0.9942732260459972
7042,0,0,0.16175377265826893
767,0,0,0.015505059761592553
18172,0,1,0.5888017929203908
27613,0,0,0.2329701563210859
14628,0,0,0.03140370106204412
31001,0,0,0.0019047178419034578
19187,0,0,0.21679749868610074
12609,0,0,0.0010617740691155001
21342,0,0,0.10169086694524017
25418,0,0,0.009399091965298834
14215,1,1,0.9421720122893079
10549,0,0,0.38906797784337854
28628,0,0,0.4601521567756756
21488,0,0,0.25650325639058136
2678,0,0,0.020008183339032617
10272,0,0,0.0024368516887449984
30578,0,0,0.0016710534830683352
177,0,0,0.005590774982889548
30347,0,0,0.07063302138946527
19575,0,0,0.1330456888891489
18682,0,0,0.3626396368443185
24950,0,0,0.0731987454014195
6878,1,1,0.9968731356392379
18769,1,0,0.26533555469841225
29471,0,0,0.07568237870188595
26225,0,0,0.14044356423096901
5427,1,1,0.9950689304114771
27966,0,0,0.45844013638007924
1609,0,0,0.02764835281438834
26300,1,0,0.4785068476043048
1764,1,1,0.9964366555405283
10067,0,0,0.21984009393983037
4750,1,1,0.5488775391422722
22892,0,0,0.045718747874316505
16688,1,0,0.41149260139610205
9725,0,0,0.008418007222487764
23826,1,1,0.7859686637229614
21610,1,0,0.1417090403584165
21462,0,0,0.02066187095827694
17240,0,0,0.0003361080719175406
8442,0,0,0.08286741657500289
31357,0,0,0.22302917044410708
11079,1,1,0.7146235235149199
30344,1,0,0.23518230000965112
7302,0,0,0.39413851100075736
17533,1,1,0.9603202709260737
10713,1,0,0.3892851327436504
15879,0,1,0.5506776356068929
29108,0,0,0.0001913445981728013
29244,1,0,0.3573628041088834
13946,1,0,0.013201830353382446
12898,0,0,0.02076587149140459
26586,1,1,0.8939030023970463
4203,1,1,0.9969898099790341
24792,0,0,0.02883060357046977
1240,1,0,0.49252529941508905
18432,0,0,0.04145575535213399
5384,0,0,0.03672183723574297
2521,0,0,0.14128272575688858
6299,0,0,0.1501255124867922
1484,1,1,0.593695799040623
12414,0,0,0.23874808672202974
12447,0,0,0.0010094380792426852
7206,1,0,0.22937162130349834
16224,0,0,0.004774538711438652
4412,0,0,0.0014410518219052837
13972,0,0,0.35446667254547176
23681,0,0,0.21061701032749872
4016,0,0,0.0062704035443873875
13121,0,0,0.016245960623232993
30256,1,1,0.9254519175756334
8520,0,0,0.0478485555444503
3941,0,0,0.03547648808986597
2916,0,0,0.02892716909439301
18199,1,0,0.3763349170037078
1224,1,0,0.3710293677768741
15719,0,0,0.004991587985374497
17780,1,1,0.8424322223146117
31016,0,0,0.03630615307156351
12589,0,0,0.056301209920988526
3835,0,0,0.010060327703828883
23342,1,0,0.005329004005875923
3318,0,0,0.3714831423372322
2972,0,0,0.005399979214622554
2623,0,0,0.008561501567648044
23514,0,0,0.35878061996581784
24530,0,0,0.1436229213312713
14515,0,0,0.0013714918702056975
16520,0,0,0.022703809390314276
27444,0,0,0.1440768904387879
15426,0,0,0.3951588160449788
9996,0,0,0.03351804249457222
22625,1,1,0.7596581161297798
25995,1,1,0.6034999613756832
4427,0,0,0.0049891485047450805
3947,0,0,0.013099363633053631
15069,1,1,0.9777905574636598
29484,0,1,0.6789413017229381
5619,0,0,0.011726546027456396
22897,1,0,0.005783747842874808
28971,0,0,0.0004213666704927102
5811,1,1,0.6566127217356281
9329,0,0,0.006697705303745254
15223,1,1,0.599009497543852
27064,0,0,0.05597216053086269
18096,0,0,0.09979576406489223
27246,0,0,0.0008832075426146335
2220,0,0,0.0012741242339706178
27595,0,0,0.45505996699846224
6825,0,0,0.0004213666704927102
27113,0,0,0.002327715518544765
1969,1,0,0.09532396112639817
17468,0,0,0.04243281094867754
1630,0,0,0.020146927281902594
24625,0,0,0.0009853574971609065
20810,1,1,0.9947977877385902
11610,1,0,0.04424657699960444
26449,0,1,0.5296788772179589
17391,0,0,0.0765931658872315
3302,0,0,0.13285023132972074
15344,0,0,0.0002006870014067317
22820,0,0,0.09045382933385897
7173,0,0,0.27030573074276915
23453,0,0,0.0015862284977149297
24970,0,0,0.11896353441435703
21883,0,0,0.042479190820587036
26651,0,0,0.23159245375126883
18099,1,0,0.3939406719533163
13460,0,0,0.020182720000001014
17195,0,0,0.007958598284141924
9482,0,0,0.14139072143266185
18434,0,0,0.004354536885153768
10292,0,0,0.0003231057423944052
21971,1,1,0.6858407557461744
6232,0,0,0.009914328453183123
264,0,0,0.0803818621141947
28503,0,0,0.030909323995588284
11259,0,0,0.11923607319075724
26899,0,0,0.0020408358398022945
4687,0,0,0.0018957127913351885
27472,0,1,0.7397715350563203
30374,0,0,0.17152956045690596
29840,1,0,0.16346750881363553
5590,0,0,0.06318367625178727
719,1,1,0.7578191220945402
25682,0,0,0.4129955930875167
3294,0,0,0.04750671424764739
218,0,1,0.753610810421334
10924,0,0,0.46392255743248206
11331,1,0,0.49182009859541925
6734,0,0,0.0006438409118284387
15932,0,0,0.3069175538738675
399,1,1,0.8154838853854178
10151,0,0,0.005906434917577427
9959,1,1,0.7402541858782846
21601,0,0,0.0029464732287572443
5525,0,0,0.004265362753545998
11551,1,1,0.5298661066236927
30744,0,0,0.009874393911577253
27299,1,0,0.2259537380617748
31476,0,0,0.2884655205788756
13613,0,0,0.00696658332340093
32494,1,1,0.994437876983064
3446,0,0,0.019589641064640888
23849,0,0,0.06117156336973437
1874,0,0,0.0007226832106990614
28006,0,0,0.07325630756690629
5037,0,0,0.4468048432317316
22656,1,1,0.993818531831097
8822,1,0,0.029903257189898804
24127,1,1,0.6051409280141185
24419,0,1,0.7148860257847053
19401,1,1,0.9976139743972993
29353,0,0,0.027745632363909273
7017,0,0,0.06086968563273664
28672,0,0,0.006526764606586156
25195,0,0,0.09587356853609404
27860,0,0,0.31194456582547603
6405,0,0,0.12022543209136675
24169,0,1,0.5657203095907701
15717,0,0,0.01223666147327857
23872,0,0,0.001549866443107982
11059,0,0,0.002602160605557791
18449,0,0,0.006544353156457512
22406,1,0,0.47087441250590306
4811,0,0,0.028299623816338475
7603,0,1,0.5000496620626467
6358,0,0,0.00827902526847129
19041,0,0,0.14607671616027815
4638,0,0,0.006065716856963881
15895,0,0,0.00021548827537609433
13820,0,0,0.19888578308487792
21842,0,0,0.01927574648551047
27099,1,1,0.5441685411601963
14253,0,0,0.08254855576321193
30107,0,1,0.7037396258804488
3757,0,0,0.17587654185634227
17621,0,0,0.04055463858135513
22882,0,0,0.038344167712862115
30527,0,0,0.0003456580359598277
15001,1,1,0.9979213637035067
2137,0,0,0.017192877844420487
21868,0,0,0.004465611240010294
6152,0,0,0.020252253022093433
25229,0,0,0.07301622271654605
25947,1,0,0.40591172446325974
14065,0,0,0.11243450285511862
16884,0,0,0.004116699386184714
32502,0,0,0.10894806541074731
18314,1,0,0.10359865685936727
11093,0,0,0.2224773690695893
2044,0,1,0.5605306656087279
28095,0,0,0.06763949314288013
8722,0,0,0.06941626538174651
31161,0,0,0.0011948302124557397
26378,0,0,0.021144222466837573
20394,0,1,0.6903869566678159
12995,0,0,0.4319139527384764
32447,0,0,0.03750352811629515
18995,0,0,0.00229914026994046
17291,0,0,0.0024422582294189358
19421,0,0,0.0014219571611502892
9706,0,0,0.039392622539333365
7446,0,0,0.00021238359084294623
21093,0,0,0.3060320095614035
16109,0,0,0.14283187262811692
22075,1,0,0.047619907368226216
26203,0,0,0.4195998679733534
1840,0,0,0.007472242973156668
842,1,1,0.6077633461362032
19473,0,0,0.06642151932087777
25934,0,0,0.24994806082315035
20102,0,0,0.09180905126538119
31258,1,1,0.9977496842497605
8390,1,0,0.4357358000510474
8803,0,0,0.0005018621231601539
23254,0,0,0.11937688849644985
28165,0,0,0.02391320325778254
13792,0,0,0.2907154197412544
32286,0,0,0.1451166817489907
10088,0,0,0.2606639498097716
13474,1,1,0.8907139453299976
10092,0,0,0.024320005820661638
6672,0,0,0.4202288164345626
8004,0,0,0.00026263300528103664
14479,0,0,0.006296258491092191
1737,0,0,0.00011980898407415174
6962,0,1,0.7510984403263518
23122,0,0,0.015409127250768545
20526,1,1,0.9700500402406785
18650,0,0,0.004866216554177102
15394,0,0,0.04234220497949423
22721,0,0,0.061528341007103506
21526,0,0,0.34869739220947465
30265,0,0,0.08676085669737839
18602,0,0,0.010088163443996044
18297,1,0,0.29305126768605816
6278,0,0,0.0801978722817851
31129,1,1,0.9957157026067233
5560,0,1,0.6057952909857541
23892,0,0,0.41149260139610205
2481,1,1,0.9983453842889243
15832,0,0,0.001639181189178077
2282,1,0,0.04641570116579156
4887,1,1,0.7266898861413086
17378,0,0,0.004957005195915401
104,0,0,0.01823461373504758
29170,0,0,0.016358375892302213
13867,0,0,0.05583264857918994
2995,0,0,0.03716619814655775
757,0,0,0.10131043927052574
3895,1,0,0.37115482232582525
23512,1,1,0.9956551335192589
2353,0,0,0.2500581643406565
19147,1,1,0.9977014239085874
17775,0,0,0.02619219930297162
11844,0,1,0.6873064234239049
3561,1,1,0.9531019986338345
9072,0,0,0.3423755629276262
1992,1,0,0.215151212896225
9688,0,0,0.00042600051910991337
7737,0,0,0.12759385503163656
5047,0,0,0.044126539042933476
22264,1,0,0.27817589810363014
7076,0,0,0.054679996598464
15849,0,0,0.02286605037344054
4452,0,0,0.008472297623787383
28764,0,0,0.08688152828531996
8554,0,0,0.016414848653520633
25247,0,0,0.39570004133394693
11717,0,0,0.03185068109376578
26521,0,0,0.00315224406668308
209,0,0,0.00022101681965410627
4118,0,0,0.10843737244314185
25211,1,0,0.023821972634353327
28839,0,0,0.0009253716104384227
11800,0,0,0.17424767365195826
26508,0,0,0.00023757317605311513
3693,0,0,0.11182206875538862
4815,0,0,0.37760176018563363
4253,0,0,0.009585006924774774
23461,0,0,0.1482643728678433
13918,0,0,0.013021607250067097
11433,0,0,0.008361954411128442
6580,0,0,0.29964617446038955
21443,1,0,0.48653878009044044
2347,0,0,0.0003578933595373261
18796,0,0,0.09838971311850757
3735,0,0,0.11160156296631639
16512,1,0,0.41513326988832316
30382,0,0,0.1165620717465603
22299,0,0,0.00538331588911622
8358,1,0,0.1153460015039182
31490,1,0,0.01686438616128583
16836,0,0,0.09513690109421043
720,0,0,0.0073996768680526055
31735,0,0,0.021904497186977772
18947,0,0,0.00022929730339803404
23586,0,0,0.10154810223134643
10195,1,0,0.3296432861219813
12819,0,0,0.015746238820565223
22764,0,0,0.0011204004291573888
27772,1,1,0.6191132582245699
22341,0,0,0.2669226324198777
9531,0,0,0.4603056265507488
20156,1,1,0.7077321456777953
24212,0,0,0.004667147458554684
16930,1,1,0.6782972243701341
21406,0,0,0.46439032589815704
9832,0,0,0.003897172442857278
959,1,1,0.6258707395371056
6601,1,1,0.5750672550566972
31855,0,1,0.6243720947243457
17173,0,0,0.11118688940991035
28909,1,0,0.4290172988067544
27462,0,0,0.009790912492428118
28364,0,0,0.0005689572861041519
15728,0,0,0.265399077557507
30684,0,0,0.0025039896402928945
8721,0,0,0.0006072024180126889
1171,0,0,0.013205273117942909
25241,0,0,0.23483914589548602
2740,1,1,0.9974611481606342
8873,0,0,0.026509979756689336
15552,1,1,0.9827150077915401
26439,0,0,0.00933819984606202
30796,0,0,0.07557749715919565
23935,0,0,0.15910241549187934
7317,0,0,0.012526611196662056
20930,0,0,0.0006765618106167971
461,0,0,0.2876148137870511
23486,1,0,0.19961908593713976
20034,0,0,0.10695874282951323
16654,0,0,0.13865054478064512
4506,0,0,0.014159718244102693
8902,0,0,0.03302404520777899
1987,0,0,0.1705890933911778
15311,0,0,0.012979896028620713
8348,0,0,0.013099225335873219
10296,0,0,0.003969036103152976
16786,0,0,0.0934195283565928
19558,1,1,0.6109806489890119
24395,0,0,0.001886468472598461
1128,0,0,0.044478977018843485
18511,0,0,0.0005822743643039749
30093,0,0,0.008513117337634242
28849,0,0,0.22097434775362004
6390,1,1,0.9436445184482875
26674,0,0,0.3893121320748159
31038,1,1,0.6597288230148147
22952,0,0,0.03398865345622752
19688,0,0,0.014664987840804458
6634,0,0,0.44621666167774415
31202,0,0,0.4906475537704596
26184,0,0,0.10936503054947122
7424,0,0,0.06008972515369926
24847,0,0,0.3296432861219813
1452,0,0,0.00012756789462732888
14505,0,0,0.00223588323044978
13682,0,0,0.47796698498684226
9228,0,0,0.07018120662783889
7331,0,0,0.0003115014303607887
16599,0,0,0.022330921557983014
32119,0,0,0.006880329258242721
29826,1,1,0.9956678493219105
23249,0,0,0.0004453065140672524
24855,0,0,0.0838914805656848
23502,0,0,0.02266807634375431
141,0,0,0.008711246808964266
190,0,0,0.005340028983878781
28080,0,0,0.006951647668183015
9073,0,0,0.4439194021996556
8631,1,1,0.683556807665965
10227,1,0,0.34697448041153384
3327,0,0,0.24639575897387744
16539,0,0,0.001851825967525178
32469,0,0,0.0035534603727598968
1125,0,0,0.0007176977792766572
30307,0,0,0.0002924535680631711
30298,0,0,0.0022920837425024782
12117,0,0,0.15625321674673678
12232,0,0,0.017044098164667426
28719,1,1,0.9963828330259759
1999,0,0,0.06795062469418901
31935,0,0,0.05901066429062732
11552,1,0,0.20448791768230967
8306,0,0,0.14722977622259328
31612,0,0,0.015171466956304745
12038,0,0,0.005854757773797255
14655,0,0,0.015149359314411364
26000,0,0,0.0005414263806385022
2801,0,0,0.00030932102103454025
13874,0,0,0.20692349939059998
5504,0,0,0.0003610975569536391
23179,0,1,0.8046673987465042
23726,1,1,0.5775703176730947
26270,0,0,0.014623933236489547
17584,1,0,0.40117294358798244
26706,0,0,0.15684495761593878
6064,1,1,0.9939122619485313
8015,0,0,0.007693862820706609
10659,0,0,0.00012091957363710482
18185,0,0,0.010428738406590072
15798,1,1,0.5026787710439257
24229,0,0,0.004822601229776694
23686,1,1,0.9978531870948898
30963,0,0,0.39186366925153004
7572,0,0,0.0002506864204309787
19894,0,0,0.0008312651206563974
32473,0,0,0.0026343745275958677
14668,0,0,0.14605385834970622
19086,0,0,0.010857420179520691
11246,0,0,0.3473668661749329
25962,0,0,0.0004778897771072472
18508,0,0,0.005073749284041373
8468,0,0,0.13674692357653898
13895,0,0,0.02012664313716891
5534,0,0,0.22867473948309028
29006,0,0,0.0028104275966766867
1425,0,0,0.026243221820231127
12951,0,0,0.4782773992434552
19810,0,0,0.03474757551115551
22913,0,0,0.0002049162682025562
22394,0,0,0.037621187617928493
29779,1,0,0.26841743054771716
11921,0,0,0.0002636211863488523
14677,0,0,0.27028625019241953
25399,1,1,0.9974983221300286
26782,1,1,0.5437404318627367
1546,0,0,0.0003322783425969915
2773,0,0,0.004602628294509497
22774,0,0,0.014850973268874898
24119,1,1,0.671486565248899
22921,0,1,0.7164995224342335
8627,0,0,0.19561779171812796
8883,1,1,0.7361352862807188
8603,0,0,0.00419072062848021
763,1,1,0.8261993668227424
15236,1,1,0.6348649261842815
28263,0,0,0.004387463216061328
9474,0,0,0.0006722765897346448
24226,0,0,0.0002692789029981384
13882,0,0,0.09363097260642635
21856,0,1,0.5632520889059324
5930,0,0,0.0006526040771838992
21812,0,0,0.21151540053095705
16997,1,1,0.5323795466805156
24371,1,1,0.9794840299012861
30521,0,0,0.23394263894741307
16199,1,1,0.9027898079695745
28996,0,0,0.014989622793252074
11247,0,0,0.2705877640310857
18654,1,0,0.05368590814861559
27368,0,0,0.028013843644449938
4320,0,0,0.009810456282311761
17121,0,0,0.08552902570656502
9639,0,0,0.30971269985585664
17539,0,0,0.32150562669396526
5039,0,0,0.09840603014643724
4296,0,0,0.006916896655201483
9414,0,0,0.21233832266599975
20691,0,0,0.006570079463886453
18528,1,0,0.055411148485346694
17393,0,1,0.5451786841480549
31580,0,0,0.0017220904417600963
26334,0,0,0.3743628162460973
4900,0,0,0.23322508119850485
17511,1,0,0.4554964930991418
14853,0,0,0.008578848904548323
32162,1,1,0.634481820207481
6676,0,0,0.05939403725605253
23317,0,0,0.0005369628403759651
24977,0,0,0.21233832266599975
12456,1,0,0.33076769280371926
27655,0,0,0.14523446989549213
16969,0,0,0.0040068004269473755
1940,0,0,0.2712962619051968
4886,0,0,0.020637362474881456
22915,0,0,0.00706079766240874
28796,0,0,0.027155125145158082
30410,0,0,0.21662159123210056
6769,0,0,0.0008312651206563974
31763,0,0,0.00554188280091403
19533,0,0,0.16526809117955496
7872,0,0,0.30398533127093835
19585,0,0,0.08753052123602441
27350,0,0,0.0015966612489539628
32184,0,0,0.008501345897794025
14207,0,0,0.00040095095764814325
12333,1,1,0.6061791983629181
1162,1,1,0.6882043182832515
18820,0,0,0.004989798607021444
17861,1,0,0.39922635708428333
4107,0,0,0.03361102674033008
818,0,0,0.322129361350844
20922,0,1,0.5851953470127049
16845,0,0,0.00797237040082277
12216,1,0,0.19979001433304733
9578,0,0,0.01245555196474961
19093,0,0,0.000783742722278884
3537,0,0,0.011567923126975058
2233,1,0,0.4577010107777129
22099,1,0,0.2943258897184404
16024,0,0,0.002659373173959013
7624,0,0,0.13950477876515036
26596,0,0,0.034436807469819176
16779,1,1,0.6113814294943548
249,0,0,0.3733878280640544
11168,1,1,0.9047537944507874
10811,1,1,0.7372785991145437
14287,0,0,0.018948359452810083
11217,0,0,0.024322573451096854
19177,0,0,0.00098421518818058
17905,0,0,0.3491755729578916
21733,1,0,0.48066634054676766
30522,0,0,0.010477729890832546
3606,0,0,0.0614661419229361
29898,1,0,0.028873515671733744
32151,0,0,0.1504233829012541
1288,0,0,0.45605470011668675
1551,0,0,0.00025866332289323544
3675,0,0,0.030098799709629653
30123,0,0,0.00021688239403321616
1465,0,0,0.4144458519764247
30775,0,0,0.07924399433537205
13431,0,0,0.0007625429186199672
31754,1,1,0.9173436752356722
7662,0,0,0.0029341291876082624
21849,0,0,0.19106780239706458
29406,0,0,0.026611877835692133
581,1,0,0.4193959548312871
4169,1,0,0.18993033684102048
29874,0,0,0.2644900574324106
24624,0,0,0.0005387076137444436
25184,0,0,0.012797748141101245
16717,0,0,0.00034145794660293626
19513,0,0,0.36925221167387323
2354,0,0,0.0007534205753930373
25536,0,0,0.044699047949102344
17803,0,0,0.0029677966645160724
21224,0,0,0.13817150092804684
14531,0,0,0.34869739220947465
12187,0,0,0.11565041093167727
22615,1,1,0.6407541885298951
16139,0,1,0.641812444148865
4981,0,0,0.0006276224134338073
22734,1,1,0.9807947757009597
8222,0,1,0.7730102657233734
25201,0,0,0.00027666826327505675
23029,0,0,0.3982205310206403
30982,0,0,0.13290786295511245
19747,0,0,0.367404192862444
9820,0,0,0.06449342371750875
5774,0,0,0.22247480404911313
8430,0,0,0.05874933429529581
5992,0,0,0.28721893983302405
20070,1,1,0.772500909437767
29347,0,1,0.6407826006522869
27897,0,1,0.7139194061228517
21154,1,1,0.5537744303835944
12091,0,0,0.00046356313002484517
9964,0,0,0.14654042300254208
9189,0,1,0.5941275120366106
3694,0,0,0.20684739773563302
1835,0,0,0.0019235477103069726
28712,0,0,0.054643282020873436
610,0,0,0.13107933286764462
15393,0,0,0.003579752496757829
12502,1,0,0.054845004161470146
11968,0,0,0.4763391372226913
18078,1,1,0.6958533168607932
12239,0,0,0.025042600806337672
11966,0,0,0.21233832266599975
29337,1,0,0.0749198286075654
18457,0,0,0.05925380208029319
3016,0,0,0.4781441270026861
14948,0,0,0.03365822369665548
29999,0,0,0.37677488093850314
3170,0,0,0.0015974771613028044
7288,1,1,0.7263785393606571
11046,0,0,0.3007436909590807
9636,1,1,0.8212892643129006
29073,1,1,0.5676967541512261
7981,1,1,0.9408467157910168
3227,0,0,0.08363904613543915
14083,0,0,0.002776588122570447
32302,0,0,0.004205665339835378
13964,0,0,0.0004453065140672524
29916,0,0,0.0012520674052774964
3983,1,0,0.3422633409114737
6587,0,0,0.004683783624857769
16693,1,1,0.8079044133309806
20020,0,0,0.0010105923018068664
21301,0,0,0.006020068650754239
7687,0,0,0.018049269625824916
15087,0,0,0.013738941180389248
23298,1,0,0.4687143412403551
28532,1,1,0.6077633461362032
6488,0,0,0.41149260139610205
21619,0,1,0.741632756551959
19077,0,0,0.004353264816094257
15262,0,0,0.20082501274595552
2171,0,0,0.01862520136052513
31274,0,0,0.0017974474741144278
18015,0,0,0.0006641123839321285
31563,0,0,0.0003115014303607887
4340,0,0,0.013446576692174465
20046,1,1,0.9965842073872245
30791,0,0,0.002208062092032895
24241,1,0,0.1826916169821071
16219,1,0,0.13845388754152585
9054,0,0,0.0036591937328651885
1841,0,0,0.015574661904413095
22770,0,0,0.025061742707646013
16660,0,0,0.04348133255830732
6020,0,0,0.29899998269768263
11719,1,1,0.986954217025577
17959,0,1,0.5948388221564144
30254,0,0,0.0002542507372930107
6891,0,0,0.0035630125243637394
17205,0,0,0.04622020351494216
29283,0,0,0.0024528473953553424
23450,0,0,0.03461131356771462
31229,0,0,0.003159166310986649
28359,0,0,0.00404673334024182
29302,0,0,0.44121061731991906
9553,0,0,0.24743640883760265
23094,0,0,0.0004709705395874129
15039,0,0,0.026866404940384545
6739,0,0,0.010188872238352418
15957,0,0,0.03977338224540259
22731,0,0,0.20909819332305543
7878,0,0,0.4461104675874754
30269,1,1,0.5446174366646087
5066,0,0,0.002952986084549114
18645,1,0,0.4700350187346773
4691,0,1,0.5313694704247778
5421,0,0,0.00860409505770619
18343,1,1,0.7011914871852948
17261,0,0,0.1613097280302609
2567,0,0,0.006776862002533014
31452,0,0,0.033413555086009045
3164,1,1,0.5368195495556716
12174,0,0,0.0007813710291296049
10239,0,0,0.4173348566266792
20737,0,0,0.0020785837678826574
31132,0,0,0.0006769780617587553
3738,0,0,0.12633446224275433
2703,0,0,0.0003495795828214485
22517,0,0,0.35731530990020915
5214,0,0,0.15282348164484175
8890,0,0,0.006102979968236972
4796,0,0,0.004370522556298516
23043,0,1,0.7266898861413086
25149,0,0,0.00037866084773672686
13026,0,0,0.023107274860606587
4446,0,0,0.0052456116497230304
3041,0,0,0.010906875598018386
9078,0,0,0.001208446364038423
29397,0,0,0.019589571970319773
22735,0,0,0.39886276614421634
23945,0,0,0.1391261409949567
31413,1,1,0.9521267675783699
22659,0,0,0.0010026057205912142
15380,0,0,0.06479914984253747
21737,0,0,0.06042155704172306
21893,0,0,0.002495480905819027
12612,0,0,0.16376263502669478
17304,0,0,0.0006413234386344218
15922,0,0,0.03309521021014153
4095,0,0,0.4118393119749934
8881,1,1,0.9895000833509617
10000,1,1,0.54636430296042
28457,1,1,0.768383911012141
11443,0,0,0.12063916024712722
16426,0,0,0.00029466012786403764
21337,1,1,0.9936172280625022
30821,0,0,0.004187233702356326
25145,1,0,0.44718098121196226
20472,0,0,0.0803818621141947
32534,0,0,0.030487077613383724
890,0,0,0.009130605272907545
30210,0,1,0.5032006737630442
17278,0,0,0.036479737794745705
27173,0,0,0.01859885400064606
6338,0,0,0.05221156136049526
12682,0,0,0.023488573370551973
8582,1,1,0.6145976019249774
26896,0,0,0.0792049097643045
13066,1,1,0.563380436395602
13890,1,1,0.8743818652101006
18730,1,1,0.6095702744525765
16711,0,0,0.018824917858118077
4238,1,1,0.5983534723990599
21285,0,0,0.017815783297493434
16621,1,1,0.7843142783245148
1464,0,0,0.026531352396016183
8282,0,0,0.0005571449589571875
32448,0,1,0.7485689401012218
27207,0,0,0.011269957296995994
28094,1,0,0.4801380529240411
18554,0,0,0.08220118123233085
4552,0,0,0.33008387178063053
24884,0,0,0.02042250491246219
3589,0,0,0.006514791359897048
6773,0,0,0.36888091226180136
18560,0,0,0.4601521567756756
8203,1,1,0.715617346864876
23822,0,0,0.18177792125547873
24560,0,0,0.000559963475510892
821,0,0,0.24790829805937697
22953,1,1,0.7758951449693144
13604,0,0,0.25225938292204236
13710,0,0,0.00024197095657968928
30173,1,0,0.3848335055776257
3080,1,1,0.799461562684075
20305,0,0,0.0010646559213322998
13914,0,0,0.008801892949700517
1427,0,0,0.003775268989714361
2880,0,0,0.004042935942120319
6528,1,0,0.3820605025009165
13381,0,0,0.2221002097845833
31328,0,0,0.023955647368552793
30949,1,1,0.5547697821586672
26904,0,0,0.0005340020880790641
26286,0,0,0.0879446396195211
32397,0,0,0.09316104473063724
25901,1,1,0.8158831951870923
25985,0,0,0.4212739823536784
22980,1,0,0.3892851327436504
25644,0,0,0.10533318206131902
3419,0,0,0.23776515344772411
28718,0,0,0.0045025410804912635
18141,0,0,0.23752463787101583
21398,1,0,0.22980711403082618
27846,1,1,0.8545690598441701
20814,1,0,0.44296431040553985
8639,0,0,0.1188328662579089
14556,0,0,0.005779660945435844
24036,0,0,0.0006909747790776992
20850,0,0,0.03545991063783396
12256,0,0,0.014890644586735488
3024,0,0,0.007700639027785179
2791,0,0,0.020630416501258814
6577,0,0,0.011064876972010826
31307,0,0,0.05062130795067999
29502,1,1,0.6703291020160815
22043,0,0,0.06009929915876888
5850,0,0,0.0007843001532251661
2420,1,0,0.45526969760170205
1439,1,0,0.4554964930991418
2842,0,0,0.4207127862880859
9302,0,0,0.002319204786123822
7606,0,0,0.001851825967525178
19578,0,0,0.20242315833260757
7820,0,0,0.46279910048205847
19623,0,0,0.008996772476789261
15962,1,1,0.9945035269355348
1101,1,1,0.5513043348967018
29286,0,0,0.011150965931744153
26836,0,0,0.009211878544038021
7652,0,0,0.07296274200963282
14647,1,1,0.5145367075609499
5394,0,0,0.0003926589291329474
4528,0,0,0.0025077446373130796
14687,0,0,0.0001414680383007298
16221,1,0,0.41149260139610205
21723,0,0,0.03168497153581005
30651,1,1,0.8134261913904428
20491,0,0,0.16122268459356295
14665,0,0,0.004723790010777524
14389,1,1,0.9871504168544075
8492,0,0,0.05233875923798256
29439,1,1,0.8996285736626478
14348,1,0,0.14764399592731256
18331,0,0,0.04137149689158182
26409,1,1,0.7180904473145492
24306,1,1,0.9890197284692898
17324,1,1,0.6947750897357059
31071,1,1,0.7062131309545111
4954,0,0,0.03485023754276992
13902,0,0,0.0054295045300616586
24460,0,0,0.004526686436031027
29623,1,0,0.45057299907325143
13512,0,0,0.48705911468572477
3032,1,1,0.5421078564174832
6563,0,0,0.0012467675168586778
26546,0,0,0.12992978221756232
7580,0,0,0.0814328138067028
15317,0,0,0.3304595327597642
7329,0,0,0.007259082767927273
31285,0,0,0.055084990016050515
22777,0,1,0.7484527881775106
20488,0,0,0.1519714729802163
2176,0,1,0.5255566552929334
18311,0,0,0.11689488143164785
2263,0,0,0.11676580718081726
26568,0,0,0.0027118509230501012
29350,0,0,0.006705211470554643
9381,0,0,0.007917439336360747
20793,0,0,0.003841716605280421
11955,0,0,0.023466874001608365
10096,1,0,0.2502203119238036
24824,1,1,0.7372785991145437
3190,1,0,0.21936687217546316
1615,1,1,0.5111880703681436
7667,0,0,0.05930724815802326
21555,1,1,0.9955756540402224
24531,0,1,0.631600727510954
24404,1,0,0.2865532251697962
20880,1,0,0.39170974981462076
9458,0,0,0.000781275847482308
26589,0,0,0.08281818402967012
20200,0,0,0.42091246795242726
1227,0,0,0.2086566822672947
18408,0,0,0.007566115826541048
11491,1,0,0.4693626910303587
7109,0,0,0.011302232449565746
18049,0,0,0.0003572919936611077
27687,0,0,0.3424383517233252
26810,0,1,0.5638736605595914
11358,0,0,0.2371740356284029
15865,0,0,0.02603782958872286
12566,0,0,0.0015443996974491149
3910,0,0,0.01055685557754512
17777,0,0,0.012726605184308952
26907,0,0,0.0010041175090838106
11803,1,1,0.5287702892451326
5251,0,0,0.06515127847174305
12157,0,0,0.0018646327512413293
9720,1,1,0.6713989541042337
5071,1,0,0.2843151561466551
19862,0,0,0.059713803082583804
29881,0,0,0.40125273537910117
31051,0,0,0.00015368429832347794
28441,1,1,0.9769002251388074
5856,0,0,0.0012327190710570543
2465,1,1,0.785172172451488
16466,0,0,0.0035217441557941973
12303,0,0,0.005453016770225507
26918,0,0,0.005883893589975513
14654,0,0,0.014141362740400643
4859,0,0,0.0007908652723567586
29420,0,0,0.055137802531977496
9814,1,1,0.8425852126154328
4071,0,0,0.011359307851962356
30614,0,0,0.02002908502718124
15783,0,0,0.01839039627859085
31517,0,0,0.11541287067021505
21720,0,0,0.12513905698526528
834,0,0,0.009182785729683047
1839,0,1,0.6570425001553141
8834,1,1,0.9363448032273212
12595,1,1,0.9474686462112892
1741,0,0,0.07244400608057684
1727,0,0,0.05204814359548845
9173,0,0,0.0005087894763542159
6969,1,0,0.46166308297741826
28655,0,0,0.07787993239156817
22113,0,0,0.007554110648391514
6823,0,0,0.3597526478907483
26894,0,0,0.004835174202166508
16823,1,1,0.6373823002177973
14456,0,0,0.0021619150222355285
2547,0,0,0.003671524073817961
16825,0,0,0.010928480363922211
12869,0,0,0.0034977885585863455
8041,0,0,0.017235049903952557
4286,0,0,0.003296122086330413
21298,1,1,0.6168429716390571
8135,0,0,0.0010820572139142474
15607,0,0,0.0011341088526777461
25790,0,0,0.0003223843384864023
29194,0,0,0.027656845291315898
22018,1,1,0.5662143466827049
31144,0,0,0.4073453346837869
3220,1,0,0.46779079346016594
19690,1,1,0.7777029450996215
9021,1,0,0.22937162130349834
23825,1,0,0.02898903589231694
22512,1,1,0.9966403565578116
27385,0,0,0.1402125102064906
23511,0,0,0.0014272760554046666
25283,0,0,0.0057639249012495135
26988,0,0,0.2643058146809148
2174,0,0,0.44340445301975073
28974,0,0,0.040802428273139735
22652,1,1,0.7987553346968445
13847,0,0,0.0044938856877355
6448,0,0,0.0013263396880102303
24476,0,0,0.1442049649605695
23365,1,0,0.320149523334746
2168,0,0,0.12648873341212197
11260,0,0,0.0001577885330943055
25228,1,1,0.8016448773549848
20894,0,0,0.011970746494651246
7448,1,0,0.3789089556120507
15918,0,0,0.006894985317689384
29748,1,1,0.6782972243701341
4973,1,1,0.8163600666703337
16023,0,0,0.049627287676182026
4789,0,0,0.19786416970490994
12351,1,1,0.9964679642553546
17728,0,0,0.012011492802368883
18258,1,0,0.3856684836818367
17162,0,0,0.09418430330127693
16379,0,0,0.40738535806196646
18462,0,0,0.00031278059411665856
9648,0,1,0.7860322584885252
15748,1,0,0.4346714206654112
30948,1,0,0.3997679414528433
31428,1,1,0.7650119009760953
5707,1,1,0.7338768224183528
8303,0,0,0.008698365157376741
3765,0,0,0.012743919462740045
31750,0,0,0.00019222874827717193
29988,0,0,0.2530174638708405
15502,1,0,0.16225478763267712
392,0,0,0.06766376469890432
18394,1,1,0.7548418818820405
31365,1,0,0.39823883631951174
26507,1,1,0.7202874718196054
31577,0,0,0.09987920228581644
25932,1,0,0.43662307322755317
32355,0,0,0.004446706063038828
19664,0,0,0.08490930486454638
10121,0,0,0.019807780907664056
3083,0,0,0.008310079631285128
1136,1,1,0.6955673951219389
27891,1,1,0.9716637229377284
13077,0,0,0.12950908145382892
100,1,1,0.6150490840150075
8991,0,0,0.03242104127764887
20874,0,0,0.004825458603905048
21504,0,0,0.007579278764300017
22257,0,1,0.7500261998266433
28881,0,0,0.05868490378798786
1866,0,0,0.0013584832786385076
6932,1,1,0.827176868550199
6904,1,0,0.46219832104175335
17624,0,0,0.29161041832544393
14530,0,0,0.0003272715591133206
6643,0,0,0.32693688556445494
5198,1,0,0.2679963035267689
32181,0,0,0.006324097668646626
28183,0,1,0.5901831156341197
8682,0,0,0.2175821011730444
21392,0,0,0.12842633841501347
30761,0,0,0.040081196494999555
17399,0,0,0.004220141315191868
30960,1,0,0.40641158750325507
26243,0,0,0.0007203721782027766
25705,0,0,0.4567410249472481
17612,0,0,0.003967813574934596
6724,0,0,0.013406536135346403
28317,0,0,0.48549050745516714
6956,0,0,0.026621483775673582
22786,0,0,0.0006353317949026742
11543,0,0,0.041257592164403493
17077,0,0,0.01773464710000799
4515,0,0,0.02995132410097062
4499,0,0,0.0009253716104384227
23437,1,1,0.5655077629734491
15446,0,0,0.003407930449551233
18396,1,1,0.6118921264162911
1924,0,0,0.018746526772566066
9476,0,0,0.04484114985757413
31733,0,0,0.003894349899708074
4657,1,1,0.8142774988033924
7465,1,1,0.8055915160765367
892,0,0,0.37699736758493013
24235,1,1,0.7857717823210096
28920,1,1,0.9745552779135358
2889,0,0,0.3829998536027946
25113,0,0,0.004063821554318963
29548,0,0,0.0007481744103297695
26715,0,0,0.4981177940737185
22683,0,0,0.0007682658436756191
16740,0,0,0.0005894849511615161
8986,1,1,0.9857988888985338
20485,1,1,0.5657640261560631
23399,0,0,0.015667106666328423
27883,0,0,0.03389312427537456
8473,0,0,0.07619687620864261
14292,0,1,0.5151165024165901
16827,1,0,0.3296432861219813
8904,0,0,0.01553537169798152
18773,0,0,0.004124994694476463
4292,0,0,0.06169955511739412
3028,0,0,0.003976199613071554
18475,1,0,0.24841924802692072
8231,0,0,0.004817668918840348
12933,1,1,0.9808228201934939
20170,0,0,0.13950477876515036
16716,0,0,0.005063239616040223
24915,0,0,0.17400441367740327
27733,1,0,0.4543413356296222
27979,0,0,0.06005887219821792
1206,0,0,0.4873710009367425
14294,1,0,0.4414595439586906
27586,1,0,0.4915482996628791
5317,0,1,0.5639945057557096
29396,0,0,0.0017084962046845086
14854,0,0,0.030056796100550356
27803,0,0,0.02900197601615064
6877,1,1,0.8165655841507622
5248,0,0,0.05880352148348857
8595,0,0,0.02819810190965424
28681,1,0,0.4390542002502397
26820,0,0,0.03257565351759545
10452,1,1,0.9926093728197588
4742,1,1,0.9563780625718697
11906,0,0,0.1844584514748828
13070,0,0,0.33036899309334355
28560,0,0,0.00931560467961237
12479,0,0,0.015337857509276388
26644,0,0,0.02598076575133908
16294,0,0,0.37891825808104246
6252,0,0,0.0019235477103069726
12520,0,0,0.15132637231851895
11430,0,0,0.009336544106574399
6866,0,0,0.003746763238726157
25828,0,0,0.15530150954594135
26099,0,0,0.08596140993866079
6861,0,0,0.0018332220087188117
13506,0,0,0.2047575650986453
31752,0,0,0.0024371078169525343
20393,0,0,0.00805584361301285
29329,0,0,0.0004664924232159428
11184,0,0,0.013798369634385804
18997,1,1,0.9383408080384185
13282,1,1,0.8726513476189645
12394,0,0,0.08596140993866079
25568,0,0,0.007260252899017778
26761,0,0,0.005563964212156894
9294,0,0,0.027238153099754497
16607,0,0,0.35565284475966163
9279,0,1,0.5541408421048751
24000,1,1,0.9891941842924984
12861,0,0,0.4468106176529391
10027,0,0,0.13998212241629698
18750,0,0,0.004050282918116444
10454,0,1,0.5729564255605921
21967,0,0,0.13765255996966855
10250,0,0,0.0005957395306253167
10618,1,1,0.9945767164460512
20266,0,0,0.1061087263826076
15082,0,0,0.03271214987633964
21743,1,1,0.9979368475865159
2883,1,0,0.49159581334662805
11945,0,0,0.2915157291332602
2788,0,0,0.0314618690581312
13327,0,0,0.07048522836496818
29096,0,0,0.00445669323251699
25006,0,0,0.000248233113683013
15551,0,0,0.0321685993586322
4305,0,0,0.14531274420176818
27528,0,0,0.005154133124434703
1316,1,1,0.9964471621836423
26307,0,0,7.546395868734281e-05
17429,1,1,0.9532323526920307
29091,0,0,0.24289804038675164
29650,0,0,0.10896411134043353
30560,0,0,0.005146124625920454
4214,0,0,0.05153830233090423
25054,1,1,0.9404587737291634
22211,1,0,0.34676749361001075
1478,0,0,0.00023841464735862729
3096,0,0,0.000891269978205355
937,1,1,0.964347470701818
29228,1,0,0.4641896625532726
23718,1,1,0.7578191220945402
19098,0,0,0.08460398958784904
486,0,0,0.07370714952283419
30082,1,1,0.8064293046475152
17086,0,0,0.23588985992718
15787,0,0,0.002691015456944574
26156,1,0,0.3124239921121145
10355,0,0,0.006555884090568819
18479,0,0,0.043170661731155184
791,0,1,0.6907544639638735
29608,0,0,0.09505780305258504
9247,0,0,0.011909154286033707
2244,0,0,0.07466087787041027
18897,1,1,0.9974303398038451
28096,0,0,0.0010102343650762922
11909,0,0,0.43483716604401024
22293,1,0,0.4796432426215389
32042,0,0,0.2435469548468875
24408,0,0,0.03760820162943739
3504,0,0,0.09815153545858062
21215,1,1,0.7498421667601308
28142,1,1,0.6521170662585037
22399,0,0,0.320031733260735
21524,0,0,0.0029043368904655576
23988,0,0,0.10470598214401239
30454,0,0,0.005792936390954846
17451,0,0,0.43549134325131983
32041,0,1,0.7940607667753135
25512,1,0,0.24838458803611926
21538,0,0,0.0008025072534851985
31590,0,0,0.1974922489031307
25075,0,0,0.05301113894901776
27541,0,0,0.0037737231504665837
25178,0,0,0.0798780720619582
3813,0,0,0.08010050666162673
25249,0,0,0.049153624238855276
14318,0,0,0.0011647373255214233
4366,1,1,0.7485303433729499
32297,0,0,0.30013634627868074
22345,0,0,0.003983688530648164
5999,0,0,0.010414303865653956
12981,0,0,0.06357705680092977
32374,0,0,0.00792035341257575
29917,0,0,0.036392619022378475
13839,0,0,0.07990895632292566
19146,0,0,0.07831131159586346
353,0,0,0.05376826712234978
3269,0,0,0.008350479115899707
14347,0,0,0.051444111943517855
9989,0,0,0.007219850439037387
4736,1,1,0.9799119878150994
23329,1,1,0.9519815233712087
29774,0,0,0.00024304148964050007
2039,1,1,0.5358957847210447
13399,0,0,0.006363908907033356
8129,0,0,0.004269756369520265
28994,0,0,0.0037806174220699038
25269,0,1,0.5445160266131789
17095,0,1,0.6248981620350026
19026,0,0,0.003583862097748667
15707,0,0,0.07296785954066133
13345,0,0,0.013946383064335252
25171,0,0,0.31826438352892755
7249,0,0,0.0002347517583480342
25626,1,1,0.722768443502714
16579,1,1,0.9707162630997646
9599,0,0,0.18755292627230116
31158,1,0,0.24070301890589382
4908,0,0,0.06158953319289898
30122,1,1,0.6513251986584593
15626,1,1,0.5477474551800804
9377,0,0,0.019796500314960417
30535,1,1,0.8165781181515728
2060,0,0,0.02485919319571112
11513,0,0,0.0007888229355433137
28570,0,0,0.034310531328664066
5663,0,0,0.006915493975066527
29572,1,1,0.7859686637229614
2309,0,0,0.02864130615950294
20643,0,0,0.36935752861320165
13085,0,0,0.022390602642643264
253,0,0,0.0007941410628910082
3850,1,1,0.9691749652207906
23918,0,0,0.01174718521107092
24875,0,0,0.00510032628908014
6242,0,0,0.00033959408182937875
18276,0,0,0.3808874664488977
24600,0,0,0.0160648757178234
3745,0,0,0.012750114618348954
17360,1,1,0.8100756017636689
4470,1,0,0.11723190124301042
10501,0,0,0.0025257896468817687
13569,0,0,0.33076769280371926
29426,0,0,0.015005813668024557
31408,1,1,0.5698522694340667
16161,1,1,0.7469083346572911
21121,0,0,0.05935312598041068
17595,0,0,0.13407484728257532
13253,0,0,0.001988666900589041
9417,0,0,0.03232946824913859
26539,0,0,0.17858097594265762
16724,0,0,0.40516780521347256
18830,0,0,0.030458659824287023
4045,0,0,0.27233754019426337
20987,1,0,0.4060805311345894
16328,0,1,0.7465903255180835
16091,0,0,0.035816241888316294
3394,0,0,0.0003346095771529719
28438,0,0,0.002293284737215126
32474,0,0,0.3892851327436504
20684,0,0,0.0464112028204166
11244,0,0,0.09298030207996744
7127,0,0,0.09973588993351046
2238,0,0,0.018147547799131622
3726,1,0,0.39186366925153004
2537,0,0,0.1490002602503109
280,0,0,0.0015816071483887937
5191,0,0,0.04716417083655395
12060,0,1,0.6081137182073487
30220,0,0,0.003091667972055906
15926,1,1,0.661224240298821
2025,0,0,0.008423806413600457
7973,1,1,0.8016448773549848
29142,0,0,0.010062441251098984
4688,0,0,0.0006722765897346448
17449,0,0,0.30849072848221487
21207,1,1,0.6888608834229656
23662,0,0,0.002472566434293838
30577,0,0,0.028143006335644687
562,1,1,0.6316918976922077
1019,0,0,0.0002663180181790717
11893,1,1,0.6086693117270904
19136,0,0,0.013109014833860129
14122,0,0,0.004997619384888022
23899,0,0,0.003409086897073591
3314,0,0,0.025219413866847257
14783,0,0,0.02313268226824422
5194,1,1,0.7337237602956647
6947,0,0,0.4834493089476619
28213,1,1,0.8390172412645279
16191,0,0,0.0015871784034752852
19039,0,0,0.001810377599866612
30878,0,0,0.11925888979954229
5171,1,1,0.7859686637229614
1554,1,1,0.9928684332246408
22104,0,0,0.08764528285009804
16791,1,1,0.9458183077261828
21236,1,1,0.7176224190672619
5289,0,0,0.10954005620419612
29765,1,0,0.38231105553656614
5312,0,0,0.20539610654194182
13257,1,1,0.9330728788026791
15269,1,1,0.8269728412014841
6339,0,0,0.2715729609955471
6920,0,0,0.02497405067090114
9888,0,0,0.22937162130349834
22193,0,0,0.014080521591500653
21002,0,0,0.0009207498516188166
26390,0,0,0.0895370000722459
25369,0,0,0.001255122178613076
19174,0,0,0.00901076245270518
13196,1,0,0.030838311878767007
25844,1,1,0.99154737492126
13859,1,1,0.6520404374810499
25850,0,0,0.04643739395162395
9070,1,1,0.9872087993628518
12608,0,0,0.007772415745671332
15514,0,0,0.005612265679375449
27618,1,1,0.9951568981882452
10964,0,0,0.008285510743306171
5594,0,1,0.6476939902495755
9175,0,0,0.024968082920767493
26042,0,0,0.006364884469507515
3582,0,0,0.08262323897095224
1713,1,1,0.6608723478083091
24768,0,0,0.0046300607102494175
21110,0,0,0.0847580920517876
9136,0,0,0.06474302514228134
14871,1,0,0.07714781220417806
31255,1,0,0.3608663583940552
14459,1,1,0.6501238648861397
12258,1,0,0.08771112372453303
30079,0,0,0.2532504584585065
31535,0,0,0.37659637853453276
7508,0,0,0.10476366492773438
22490,1,0,0.27293296436490017
24515,0,0,0.4046551875897282
26570,0,0,0.00556092172752875
15352,0,0,0.003793503702889625
17982,0,0,0.16695311601276874
29403,0,0,0.30990466449503973
17376,0,0,0.0006837919692791149
15509,1,1,0.9981527257391498
9455,0,0,0.023133143323859583
24,0,0,0.04461180118717859
19986,1,0,0.30754487608280223
23289,1,0,0.014266449143525038
24337,0,0,0.0005477567747660914
13857,1,1,0.6381425572106595
10266,1,1,0.9858804798734416
6026,0,0,0.0017840519532511458
27634,1,1,0.9416925984255576
6837,0,1,0.5713615627883298
27571,0,0,0.0011370852263402201
11064,0,0,0.010245907640739549
30048,0,0,0.22356132018674155
7410,0,0,0.0012596666837307875
19904,0,0,0.01218135792560819
15853,0,0,0.0030463753893709756
6280,0,0,0.41977415450090483
20655,0,0,0.015444052750789266
16645,0,0,0.4657630294591069
9190,0,0,0.001582866202048354
19141,0,0,0.039989408357491145
3810,0,0,0.1004783733908689
5965,0,0,0.0022906680875659697
6623,1,0,0.2867378063572484
24904,1,1,0.5060337413904817
13283,0,0,0.010132563570735416
27878,0,0,0.0015073680502851658
5172,0,0,0.0008400895984313174
203,0,0,0.04065593958662089
26528,1,0,0.20487285396625846
17325,0,0,0.43483716604401024
24478,1,1,0.6566127217356281
15642,0,0,0.23780116301373622
19278,0,0,0.007397082946367646
29144,1,0,0.3501191339397374
13607,0,0,0.0036724517026157717
3123,0,0,0.02060560812275203
32475,0,0,0.0027247512114314094
29207,1,1,0.5445369004630428
20723,0,0,0.20323976292409182
3484,0,0,0.01946864675321624
12109,1,0,0.393544535554503
54,0,0,0.2592077590268078
1491,0,0,0.028903650699498882
1062,0,0,0.03365410430712407
14587,0,0,0.00020823133318914882
19109,0,0,0.342349749954503
28390,0,0,0.12633446224275433
13136,0,0,0.08421784454818716
27131,0,0,0.00041480143135534865
20641,0,0,0.11758422660280558
13352,1,1,0.5149932699365656
1692,0,0,0.0017600742782530444
26857,0,0,0.07437801162184247
30997,0,0,0.008133637436663598
2165,0,0,0.0006324777118821875
28873,0,0,0.30209353185359183
32216,0,0,0.006936389788636488
3921,0,0,0.02241344282533995
14492,0,0,0.013434886003935664
24588,1,1,0.6079616546723902
10599,0,1,0.719744821091363
997,1,1,0.6140670951962123
8434,0,0,0.01604678819130061
2792,0,0,0.049156412557760466
5606,0,0,0.1432683538804985
30585,1,0,0.3989863114809067
26154,1,1,0.8066204250853093
2818,0,0,0.2196124620996606
13342,0,0,0.2892843755117423
31209,1,0,0.48883079229641035
26031,1,0,0.24396220955529047
31280,1,0,0.2403449799665491
15705,0,0,0.0464112028204166
15099,1,0,0.10208389471656885
21327,0,0,0.07579005130306553
28446,0,0,0.009695959828102016
15585,1,1,0.9720166732994443
22538,0,0,0.41161075557283033
1398,0,0,0.030259225596723154
7822,1,1,0.7984896023634701
20050,0,0,0.0666825399713915
1075,0,0,0.000548816779733874
6427,1,1,0.9984019407896373
27490,0,0,0.09742553615334999
20731,0,0,0.00969649148873762
18077,0,0,0.14500805323828897
2991,0,0,0.0724827216354431
4706,0,0,0.23292053539143923
1217,0,0,0.007811669566587215
29884,0,0,0.0003346095771529719
8007,0,1,0.5176195155823087
28003,0,0,0.04845393723643132
13786,0,0,0.013302455224783865
21823,1,0,0.2126514872292571
15386,0,0,0.15884486946717533
10204,0,0,0.21103953090446048
5269,0,0,0.0011340673492951441
25318,0,0,0.018408785335640405
7398,0,0,0.008539913607397203
12960,1,1,0.9984861215278761
23976,0,0,0.025237233120378007
18291,0,0,0.0033417229632795795
1303,0,1,0.87471470242872
29162,1,0,0.4752854014362599
23166,1,1,0.9858645982336253
16496,1,1,0.8291756077166702
3448,1,1,0.9934321537138358
23669,0,0,0.006606061590557825
17503,1,0,0.22281921072274846
19266,0,0,0.2592245118098879
21814,0,0,0.044454951962572264
12130,0,0,0.3762652717927543
296,0,0,0.20261191918966773
14718,0,0,0.001997775766921448
18203,1,1,0.5242769352977064
8917,1,1,0.6687842875676141
27235,0,0,0.19657699842305387
9946,0,0,0.006140649546127596
13673,0,0,0.01617943264599705
4961,0,0,0.048651288217045556
22960,0,0,0.1881572622654023
3371,0,0,0.0005930902350093575
13897,0,0,0.026647938778852447
23515,0,0,0.0004213666704927102
5112,0,0,0.2972443321436034
22542,0,0,0.292415960005818
30489,0,0,0.0038153317541671145
16212,0,0,0.00040230871714357807
26601,0,1,0.5859152370783182
31320,0,0,0.4307488447982239
6324,0,0,0.010761561166536494
31454,0,0,0.002193371011822482
11236,0,0,0.02513846396918933
6375,0,0,0.12709746715151818
24034,1,1,0.7926805139834175
16070,0,0,0.05798629972547694
20391,0,0,0.011030715733788532
29588,1,1,0.9973620570658257
19550,1,1,0.9919403030961704
18849,0,0,0.08055101049702097
4822,0,0,0.18233565189694634
27965,0,0,0.004179400396100218
12885,1,1,0.9932684134939972
28940,0,0,0.07303097095138926
11781,1,1,0.6187605767595962
27888,0,0,0.035688069675800564
9371,0,1,0.8516165113556058
32260,0,0,0.4828415893965347
6992,1,1,0.9951223939984538
26526,0,0,0.31899741133451326
32332,0,0,0.32499845732781574
25326,0,0,0.361656683269171
6520,0,0,0.001036879693302046
20376,0,0,0.0016323316482123372
16937,0,0,0.05090783749898445
18655,0,0,0.12421903602422142
12192,0,0,0.022739569496911246
22890,1,1,0.8508202066513961
11496,0,0,0.0033030574447688306
4556,0,0,0.005593866624485805
13154,0,0,0.02423424371444471
32196,0,0,0.03398476140897009
13784,0,0,0.031240173732413206
10949,0,1,0.7754570706719405
6437,0,0,0.0034239286846225406
6976,0,0,0.007961496440949569
11767,0,0,0.00024411922429945002
8588,0,0,0.018767188726815407
1119,0,1,0.7553896228624172
13984,0,0,0.007087089153827119
29819,1,1,0.7335678719209847
26370,0,0,0.28795171371675
8650,0,0,0.025390175347799516
30552,0,0,0.24312199304594836
7613,0,0,0.033491314740444686
5672,1,0,0.02292235803254251
25150,0,0,0.006877955328462052
8623,0,0,0.2852293756242404
15611,0,0,0.00656144491717259
31492,0,0,0.006074913205318405
32135,0,0,0.0014224846995030498
26798,0,0,0.005935584833136098
27858,0,0,0.02899596314202343
13405,1,1,0.7692806175958457
31632,1,1,0.7263850316411761
6888,1,1,0.8332160681346696
4405,1,1,0.638301257867124
16021,0,0,0.01546204218858692
4612,1,1,0.8332685902592661
19761,0,0,0.4193959548312871
23003,1,0,0.4324075565254974
684,0,0,0.0002692794873950637
11933,0,0,0.0020076918105472862
13978,1,1,0.9982145444500321
11369,0,0,0.3599292828511896
6671,0,0,0.008312573834053956
18359,0,0,0.22865336139616974
2674,0,0,0.002453051765263571
2787,0,0,0.0036785669191914915
28980,0,0,0.007761113843063656
28931,0,0,0.045122816600239674
29729,0,0,0.29993213323083057
13490,0,0,0.18718818108907406
30013,1,1,0.9371081478635791
7174,0,0,0.38289743958540984
21813,0,1,0.596660975473935
30681,0,0,0.06909002009122081
8505,0,0,0.005488691210578138
17361,1,1,0.9822041146060524
21947,0,0,0.2710018166308008
649,1,1,0.5603230598699499
26422,0,0,0.07486537760027671
23903,0,0,0.04826356149435598
6740,0,0,0.0006109873879465923
13032,0,0,0.051893880841632746
28044,0,1,0.6490969930116458
9361,1,0,0.24060574753212816
4669,1,1,0.5815099456321401
2452,0,0,0.0010798435061944998
20044,0,0,0.1835092947095891
13962,0,0,0.06666877792306243
10931,0,0,0.4434875639685645
22138,0,0,0.3084521152850295
625,0,0,0.009576997513712758
5867,0,0,0.39488053124458977
23579,0,0,0.006672026996213769
3778,0,1,0.5282180554488115
24540,0,0,0.045805678124441244
11937,0,1,0.6342733015281466
8772,1,1,0.9943588792744579
23415,0,0,0.4591491294375069
23532,0,0,0.009078665098358377
30820,0,0,0.12176859731024492
35,0,0,0.005709923236487072
2154,0,0,0.023462925568973992
20914,1,0,0.30944987369849103
26245,1,0,0.2947654780248796
24458,0,0,0.014391230873429951
32503,0,0,0.0021508659201996657
24066,0,0,0.007856370446480984
20547,0,1,0.5674833094742319
18484,0,0,0.06522773722955243
17191,1,0,0.3240375940150136
23063,1,1,0.9988883637285384
13125,1,1,0.6795508310744439
8230,0,0,0.11537007349537669
14870,0,0,0.17456849472823532
27941,0,0,0.09727439291859608
6714,1,0,0.38151353839846286
2369,0,0,0.007494475879065691
24389,0,0,0.0002571381719085388
28768,0,0,0.0008611650252734008
14078,1,1,0.9912941821145145
32461,0,0,0.21984009393983037
23736,0,0,0.006986143329549135
5029,0,0,0.002391632020785543
31326,0,0,0.4158284089755286
25763,0,0,0.09804945761701518
22417,0,0,0.07390806192634512
315,0,0,0.004929059423424844
29921,0,1,0.5320123354123849
24005,0,0,0.0012569507756568252
27437,0,0,0.22044357715661192
9167,0,0,0.4036616319524575
30658,0,0,0.04026394101111166
15562,0,0,0.09692038757009618
16667,1,1,0.5104866594644685
13299,1,1,0.6797188984034994
19531,0,0,0.06335241297683691
31864,0,1,0.6114602836813808
19425,1,0,0.41833970768683143
18106,0,0,0.003547357756589882
23403,0,0,0.4039485830288569
11058,0,0,0.19128050760642798
3165,0,0,0.10581156283156483
28699,1,0,0.47810037584750287
19979,1,1,0.7118072892806474
17609,0,0,0.09147056797526511
31456,0,0,0.001398509466593499
8949,0,0,0.09300106585120489
5506,0,0,0.00021396162992403308
23456,1,0,0.3400563246752752
6700,0,0,0.2322740578674651
26333,1,1,0.9101598972278483
864,0,0,0.18919770104770517
5797,0,0,0.00026639631496322257
22870,0,0,0.00028621208025164766
12945,0,0,0.16600920378246256
32027,0,0,0.08864270926031698
2803,0,0,0.04339206119229952
10208,1,1,0.6597498637662446
26055,0,0,0.08262822284536789
21641,1,0,0.4013426268678006
17406,0,0,0.023418186634233413
20183,0,0,0.36776671577694603
14313,0,0,0.02281099827621071
32357,0,0,0.07630653945469405
31685,0,0,0.01810893164857526
6092,0,0,0.005976430740773853
5182,1,1,0.9960041291432377
3880,1,1,0.637669451986533
24509,0,0,0.00026748298800851873
15036,0,0,0.041507483392213135
24793,0,0,0.015227549580756275
3350,0,0,0.00625820350688885
8115,1,1,0.87471470242872
1090,1,1,0.6889258530005558
370,0,0,0.0026115650551802832
23444,1,1,0.6409103443953545
26614,0,0,0.44786915066755045
30133,0,1,0.5130849539230906
17471,0,0,0.0022942344669636687
19171,0,0,0.01190110759600267
14616,0,0,0.0011406958968841056
14335,0,0,0.0029815354482144864
29362,0,0,0.020241015730298486
5471,1,1,0.9985306163058292
5168,0,0,0.030193484584252476
6561,1,0,0.44033833952021856
17255,0,0,0.03375918874537531
19046,0,0,0.007839604457029527
25623,0,0,0.0005017417289543244
4809,0,0,0.008550463563866777
15162,0,0,0.011655087916796205
11737,1,1,0.9779264041220954
2610,0,0,0.00019517763794767702
18774,0,0,0.2764912831469118
32246,0,0,0.01580490901345614
20281,1,1,0.9077543541653051
10606,1,1,0.6726928992932152
17680,0,0,0.009104297127868253
14583,0,0,0.2630909475283325
15625,1,0,0.37192239308831715
32511,0,0,0.002044826212735104
4689,0,0,0.2768288656387101
18006,1,1,0.973567015719273
24900,0,1,0.616790648081729
32208,0,0,0.29498930102422477
32158,1,1,0.7013690967460356
27390,0,0,0.33436730307899915
2553,0,0,0.003329834793891432
30433,0,0,0.0033446125205778324
650,0,0,0.0004453065140672524
5081,0,0,0.4542684108706155
20746,0,0,0.0008517553971042431
30095,0,0,0.011249085975961096
28636,0,0,0.0027551032911990736
27712,0,0,0.03638751998468916
7941,0,0,0.0013946002472971918
1679,0,0,0.18893298348727014
25321,1,1,0.5472528670272746
27628,1,1,0.9878262503841159
30753,0,0,0.04068121940460618
3961,0,1,0.9480352381439737
27095,1,0,0.247008925225045
20562,0,0,0.00017877249740044828
12734,0,0,0.003000754152478901
19795,1,1,0.5722128156978031
23664,0,0,0.0002758936520834087
11822,1,1,0.9916768399329857
655,0,0,0.008224639043134153
7211,0,0,0.2651781208521414
21040,0,0,0.02727958589269004
815,0,0,0.20660741425568707
20551,0,0,0.027084401496289528
1715,0,0,0.00944149268708328
9836,0,0,0.004341897691709145
14169,0,0,0.0007888240271513748
8980,1,0,0.49570651810975463
8638,0,0,0.0009528039028375607
22997,0,0,0.13372792540170156
3935,0,0,0.0004505259520109595
29914,0,0,0.007287143471251408
26488,1,1,0.9675992422159566
1479,0,0,0.008773298526878312
3671,0,0,0.07379786465329839
10841,0,0,0.009353829127043127
21122,0,0,0.006831948563573015
5452,0,0,0.41784424965616535
29083,1,1,0.5073138123857567
24670,0,0,0.01731474859547133
20996,1,1,0.9954290065640173
13289,0,0,0.010047386759923282
2907,0,0,0.004312447425463119
32016,0,0,0.0021643706643361235
7550,0,0,0.12134300498260397
29383,0,0,0.09396368114317379
15362,0,0,0.01627271397471652
18365,0,0,0.00014967836891168127
31730,1,0,0.4961704829597126
2262,0,0,0.03075194094343552
19745,0,1,0.535472912964906
30090,1,1,0.9234468526292945
29481,0,0,0.010047386759923282
16699,0,0,0.06845345316834363
22253,0,1,0.8046064091127496
8617,0,1,0.7219960354145071
10793,0,0,0.014407965758655815
27677,0,0,0.34675669115973823
23759,0,0,0.10106295815194417
6708,0,0,0.010467153499978565
10245,1,1,0.9775699741511784
17669,0,0,0.006927448548328645
28921,0,0,0.03357329909788503
23165,0,0,0.13595086397398728
30853,0,0,0.0382113003768916
11741,0,0,0.044362296197733374
9290,0,0,0.0019107398579774647
28312,0,0,0.042011922019054675
12445,0,0,0.22247480404911313
22925,0,0,0.004762703885247133
27103,1,1,0.8565537772329007
300,1,1,0.9962444965629339
11001,0,0,0.0016585673026904364
20404,0,0,0.13812528727596554
30113,0,0,0.05345775702518699
17774,0,0,0.1304348480152789
5608,1,1,0.5734801594840965
6959,0,0,0.28652289505267886
21280,0,0,0.045501164477271115
11609,1,0,0.49478604110770136
2659,0,0,0.41122789140030075
20366,0,0,0.31492955738666684
9973,0,0,0.02045735390754265
8536,1,1,0.6685036967371998
453,1,0,0.46059488396636944
12476,0,0,0.0005907543200311423
2802,0,0,0.49037315890824695
7884,1,0,0.44511881469577874
23764,0,0,0.18289858013319873
1000,0,0,0.0011370852263402201
29011,0,0,0.0024528473953553424
12033,0,0,0.0014556222057497089
31085,0,0,0.2549779226184041
11980,1,1,0.6322540078049292
10901,0,1,0.549995467999001
11174,1,1,0.9932803013924737
20121,0,0,0.09144265036113781
12895,1,1,0.8458203908816184
19567,1,1,0.990207322236292
3837,0,0,0.16997158273067572
8084,0,0,0.025291696837213468
14082,0,0,0.03684721660349049
4030,0,0,0.034661027010223486
3790,0,0,0.4676396302328551
27087,0,0,0.003287135917111047
525,0,0,0.3226334358107599
907,0,0,0.0014557770281452649
13950,1,1,0.5731653410173513
1203,1,0,0.04700388768902636
22816,0,0,0.2835447941970347
30559,0,0,0.09932646504958191
12413,0,0,0.012062899902170354
18471,0,0,0.05216000822220834
24266,1,1,0.8092990573599016
9110,0,0,0.029583940531236336
4207,0,0,0.0759571230856171
13240,0,1,0.6745493763944675
28064,1,0,0.2461821679543258
21245,0,0,0.2377720887792962
4965,0,0,0.0011228820522909873
10483,0,0,0.0007747508911349192
11252,0,0,0.03163061273596795
12837,0,1,0.6791452975827642
8192,0,0,0.0023683932305262243
6121,0,0,0.022330117170631058
19535,0,0,0.00844097761247084
27471,0,0,0.03305531846227628
14086,0,0,0.008571857995595377
8836,0,0,0.0003441873090324206
26343,0,0,0.24560808496092182
15742,0,0,0.41513326988832316
16666,0,0,0.13694410289541256
8374,0,0,0.002940559585635565
8827,1,0,0.36160568664141696
30545,0,1,0.8072637112228632
7595,0,0,0.03342956905253327
1305,1,0,0.466523923637318
1968,0,0,0.2502203119238036
19796,1,1,0.5676967541512261
2361,1,1,0.9956782563724218
31203,0,0,0.0009464770056041398
17613,1,0,0.252055518195727
29115,0,0,0.0010421320037106649
7197,1,0,0.019378987629243
9519,0,0,0.0061255835870361154
14721,1,1,0.9968109795617227
4881,0,0,0.016266560864650153
31608,0,0,0.4173348566266792
26737,0,0,0.10348660877141751
17217,1,1,0.7776114556710544
10253,0,0,0.004755956402956669
12170,1,1,0.9593126818792026
5436,0,0,0.4606610416805064
30208,0,0,0.00024631124499341193
19190,0,0,0.008928457590537823
2460,1,1,0.6079115618791886
25973,1,1,0.5670791558080829
27544,0,0,0.011658402971760707
5022,0,0,0.013466424601015943
24410,0,0,0.024639972439755672
32058,1,0,0.08525649468048686
383,0,0,0.06287008961308459
23154,0,0,0.006555172585774891
22342,0,0,0.03991913430706546
3268,1,0,0.217197837904757
29359,0,0,0.004143038630883226
31491,1,1,0.9794876369619748
3229,0,0,0.03874948441677093
32504,0,0,0.28720095566658466
20057,0,0,0.010207096411430824
23343,1,0,0.46863445514749885
27547,0,0,0.14297617936413312
23816,0,0,0.044117503099168155
2559,0,0,0.08159314231312091
13127,1,1,0.9529163486546627
8090,0,0,0.06052424152269398
30215,0,0,0.0009130271810014378
29491,0,0,0.002009188577092236
7451,0,0,0.009795110134816305
13866,0,0,0.229152889089388
22380,1,0,0.26533555469841225
11971,1,1,0.9938384729072854
17789,1,1,0.6493803387762027
29610,0,1,0.5712767793100019
3321,1,1,0.6717563794025695
19963,0,0,0.14949061037621447
31821,0,0,0.35445423763117945
23255,0,0,0.18747807737286384
5424,0,0,0.006912222731443496
31947,0,0,0.007013477645744896
31254,0,0,0.36969327630414833
227,0,0,0.032645518669189307
6899,0,1,0.7633410904780501
18390,0,0,0.007181974214376206
21399,0,0,0.2768288656387101
3289,0,0,0.11785896907347537
23939,0,0,0.4152381592118461
17065,0,0,0.0035821546552120575
184,1,1,0.5802377333599248
26282,0,0,0.00974359687225311
30238,1,1,0.9943258070469222
7974,1,1,0.9977849453911083
9548,0,0,0.00039625633963144303
24173,1,1,0.5485806196433494
5748,1,0,0.03305026911045699
21764,0,0,0.15113923967865187
1549,0,0,0.004291934066297985
22424,0,0,0.1881572622654023
21200,1,0,0.32150562669396526
11412,0,0,0.0004109643770434995
30617,0,0,0.16340407349966857
22754,0,0,0.13290786295511245
7766,0,0,0.028177915025175807
18001,0,0,0.01847656945856792
8497,0,0,0.35840283205525747
3263,0,0,0.020331104327174415
27926,0,0,0.006999602805978232
6618,0,0,0.003134211967821054
15108,0,0,0.12633446224275433
2192,0,0,0.006075800225770878
11584,1,1,0.9391825779228662
25214,0,0,0.2130026967876124
14971,0,0,0.3570597141267185
27014,0,0,0.003101753202623413
4888,0,0,0.17799241311840971
25363,1,1,0.9487678905277356
7023,0,0,0.0014021626377337035
10727,0,0,0.04079546430973579
31520,1,0,0.2175821011730444
20293,0,0,0.0003361080719175406
7975,1,1,0.8534625079262449
28305,0,0,0.0316585944421155
4368,1,0,0.39532411807443113
12208,1,0,0.3120318738032978
1399,1,0,0.4415279351193228
12236,0,0,0.03275072252158287
6418,1,1,0.9944063961655338
18094,1,0,0.17072905633858304
5625,0,0,0.008766065704612665
30864,0,0,0.30209353185359183
16542,0,0,0.009831935459759761
25224,0,0,0.001174237099082494
29563,0,0,0.000600997542499595
1397,0,1,0.6085021613803744
6112,0,1,0.563738665543796
14670,0,0,0.05365029163808169
6757,0,0,0.2768288656387101
12604,0,0,0.014492490197202426
20470,0,0,0.29055652543424376
14592,1,1,0.7483045450570763
26392,0,1,0.7241915767366582
16866,0,0,0.00717933079936386
24008,1,0,0.4036616319524575
11917,1,0,0.4661025134039713
25713,0,0,0.004609013088265386
26767,0,0,0.01231713913192773
14864,0,0,0.0038477758641801787
20530,0,0,0.003966920001802422
27345,0,0,0.22247480404911313
18910,0,0,0.04728608064306874
26752,1,0,0.1718974356060002
14112,1,1,0.998485734034785
25053,0,1,0.6110641665175659
19958,0,0,0.09891207135801501
14842,1,1,0.5447932279762823
30995,0,0,0.02889638277752508
5890,0,0,0.0010626633363835995
28739,0,0,0.320240954573108
497,0,0,0.00538072729971453
31027,0,0,0.018838120182117352
30931,0,0,0.005197467724399385
30507,0,0,0.4382678081930536
7913,0,0,0.04510511992548663
3364,0,0,0.0002570245469524426
30680,1,0,0.152885697463662
16051,0,0,0.005918919271357827
31553,0,0,0.0008297525724937663
476,0,0,0.0006955681897229117
23517,0,0,0.05659609244333034
19358,1,1,0.998828120166817
17486,1,1,0.5369346110687463
8950,1,0,0.27901776102934117
3106,1,1,0.9675759757397023
27629,1,1,0.5756604465856348
4410,0,0,0.19433297704970587
22415,0,0,0.1322861671940817
12619,0,0,0.002353284771934578
16832,0,0,0.002524024034259624
1560,0,0,0.00042127811753174706
13340,1,0,0.2666771666501125
8736,0,0,0.07729553226563611
30194,1,1,0.6784329153086461
23472,0,0,0.48656000172560754
9009,0,0,0.005258277516126945
24262,0,0,0.18919770104770517
5263,0,0,0.012316417867481494
15205,1,0,0.03450342112693064
6400,0,0,0.002502628224935363
30861,0,0,0.058521113877465135
27241,0,0,0.11568992503600643
1771,1,1,0.9963492764881003
1485,0,0,0.0026678702836520074
29820,0,1,0.592854108046806
11493,0,0,0.0006008020864272497
10802,0,0,0.0065176205636201705
26929,1,0,0.4601521567756756
8573,0,0,0.23808751650529147
4086,0,0,0.13564582566007466
14995,0,0,0.3085234893207723
4541,0,0,0.006065360049104573
18819,1,0,0.18588045935668074
5768,0,0,0.0021570249203213213
13456,0,0,0.0002583124380000669
10816,0,0,0.17848835995108994
24958,0,0,0.1826916169821071
12690,0,1,0.7305664922279053
9192,0,0,0.016620730379784555
4618,1,1,0.5542982600799983
8845,0,0,0.009303009805697137
10259,0,0,0.029103409208233382
15172,0,0,0.0072140071348104585
21219,0,0,0.004040712637421208
9318,1,1,0.5416121835554325
1017,0,0,0.01604191825435371
19866,0,0,0.09437767648424393
16942,0,0,0.2188703852298252
23196,0,0,0.44268614984855853
5912,0,0,0.1509031286700854
13606,0,0,0.06737060183054237
29983,0,0,0.0005318820100608002
5461,0,0,0.0035095322677757023
3516,0,0,0.00028621208025164766
30950,0,0,0.00041992818241290284
28837,0,0,0.07363092277197779
3558,0,0,0.00974359687225311
13235,0,0,0.001185813698189532
439,0,1,0.5427670178073565
28413,0,0,0.024930364703506114
7354,0,0,0.10775950314919684
15030,1,1,0.9860069377916859
272,0,0,0.0672818641003913
32510,0,0,0.013338698603359067
24151,1,1,0.9855908836658829
26978,0,0,0.102872095718401
32017,0,1,0.6097595119232673
17633,0,0,0.19437852383904075
19478,1,0,0.46920733300218803
1003,0,0,0.01001562842196048
29856,0,0,0.4246789238122883
6451,1,1,0.9963861564606024
22387,0,0,0.15155121517823955
14674,0,0,0.004990450578609108
18191,0,0,0.3379098157073104
24879,1,0,0.3430320065040236
8758,1,0,0.33459830999987145
25517,1,0,0.3123681883490419
23149,1,1,0.7128616361749619
394,0,0,0.004191023942437994
1278,0,0,0.30537643619364135
6471,0,0,0.28223444360238265
7688,1,1,0.8086084481832172
31997,0,0,0.0019834358737008478
1243,1,0,0.34243486201551304
9217,0,0,0.012744265548841846
27441,1,0,0.4449623442084998
28935,0,0,0.012903604364005098
13287,1,1,0.9954007020800102
12689,1,1,0.9351805923204514
28841,0,0,0.0002225105791431232
26961,0,0,0.08953483318928508
29480,1,1,0.5272803156208946
8263,0,0,0.005608676413282769
27844,1,1,0.8632379055091982
8381,0,0,0.00099210747391598
7694,1,0,0.45677418212908655
24094,0,0,0.016430121868883003
11616,1,1,0.5220831630272821
5304,0,0,0.1780782004729821
21003,0,0,0.004874337456691981
27202,0,0,0.026360857182360253
19062,0,0,0.017322920573695385
5944,0,0,0.01567782679444343
22849,0,0,0.0023139131754582537
29227,1,1,0.9955671217670686
9188,0,0,0.29305126768605816
19075,1,1,0.992462696211049
2828,1,1,0.6513251986584593
17932,0,0,0.0013946002472971918
20196,1,1,0.991577720995544
28918,0,0,0.010370847950014807
3950,0,0,0.007469677064048912
7175,1,0,0.2694751543000125
10753,0,0,0.0003788675308574849
10078,0,0,0.0950190024867203
13033,0,0,0.05884786174304087
193,0,1,0.6787666034834706
17123,1,1,0.9976193865551236
22353,0,1,0.5698518000964151
20440,0,0,0.00422210913326404
9670,1,1,0.9977829799223311
25103,0,0,0.3795383622606953
1695,1,1,0.820795293360428
7575,0,0,0.13214629964801347
31980,0,1,0.6425828052965661
25323,0,0,0.0437867469347027
4666,0,0,0.07608255662923613
32131,0,0,0.2740426362451288
27217,0,0,0.0006887715314346125
6463,1,1,0.9991823088353797
24576,0,0,0.21302904367854616
28430,0,0,0.2604084267655713
4289,0,0,0.008398249140881048
23574,1,1,0.5881309369205905
31587,1,1,0.6668705993808812
32237,1,1,0.5620141695136641
28329,0,0,0.01786333416115986
26218,1,0,0.10323032084071225
32354,0,0,0.22778676829518538
5487,0,0,0.19892022408623797
27577,0,0,0.1950984699295449
21428,0,0,0.02544982233907844
15107,0,0,0.0007423103808832182
8500,0,0,0.00026380141267177867
19728,0,0,0.3296432861219813
13384,0,0,0.2042672372189173
16034,1,0,0.057148822286326895
16421,0,0,0.012221883121169579
663,0,0,0.2752846420282205
18237,0,0,0.0002987199504665298
31388,0,0,0.004002507049358507
12275,1,1,0.6226192209320572
23937,1,1,0.9738879025554027
5422,0,0,0.005860417682571018
28123,0,0,0.10605660928222693
14106,0,0,0.028805949287046693
26332,0,0,0.0011755671162606105
1791,0,0,0.09700254428659599
30838,0,0,0.08864336088349732
17460,0,0,0.038418182170793284
11862,1,0,0.20445819164828372
12021,0,0,0.020341282015193536
18207,1,1,0.7280056106794811
2033,0,0,0.33008387178063053
9027,1,1,0.7030481862922059
4851,0,0,0.3417695404420644
10702,0,0,0.019290206076962652
26682,0,0,0.0002583124380000669
4066,0,0,0.037544636773393036
14114,0,0,0.0021490206217372946
6502,0,0,0.001166620733909741
15398,0,0,0.1412482254629063
11227,1,1,0.6316904116804736
21279,0,0,0.02034585130622157
13806,0,1,0.5141457736637715
18127,0,0,0.08552902570656502
2702,0,1,0.7143890942851218
22201,0,0,0.006541849283639198
23071,0,1,0.664929196798874
2343,0,0,0.0011091804047514292
2810,0,0,0.21915855644338564
30893,0,0,0.0013045646431922625
29805,1,1,0.7958392643730137
17880,0,0,0.0005703940695320393
639,1,1,0.7888793114139542
8808,0,0,0.03024094139242058
1174,0,0,0.21649553042338984
16780,0,0,0.0017866352191360443
8548,1,1,0.6538605869646554
20021,0,0,0.019099847339663353
25755,1,0,0.025561743459200315
3541,0,0,0.2528341151074886
29785,1,1,0.9984635151148925
1312,0,0,0.00043871510920987997
26015,1,1,0.803565517776137
31058,1,1,0.9754707023311163
12683,0,0,0.054046648036321726
2414,1,1,0.9569495852617402
6658,1,1,0.6782972243701341
27507,0,0,0.13878172000059144
15949,1,0,0.38734377767137745
30005,0,0,0.00024304148964050007
15328,1,1,0.8600056129328877
29863,0,0,0.4183585890832315
8291,0,0,0.004402575942391497
22117,1,1,0.6088410627125638
28605,0,0,0.021438844713655494
30726,0,0,0.029081470143651877
12771,0,0,0.041461928561388105
9929,0,0,0.2293496212801807
18445,1,1,0.8316136101992916
4307,0,0,0.3838011260521232
18177,0,0,0.0017916577426883025
30692,0,0,0.029068159564848595
5091,0,0,0.11927897849263558
19877,0,0,0.09815153545858062
22992,0,0,0.06148174736850804
2565,0,0,0.06514300827560177
2579,0,0,0.15317022786037493
9082,1,1,0.5793819434743543
3472,0,0,0.009249046779305265
27060,1,1,0.9185979956172489
11006,0,0,0.007107384692675865
14600,0,0,0.1558710101788693
1611,1,1,0.6585073788582277
9376,0,0,0.060534279690582116
18360,0,0,0.03754851218262508
29642,1,1,0.9926094234189741
23145,0,0,0.05736620000032764
15495,0,0,0.002495401302966724
11056,0,0,0.20244964168927967
26346,1,0,0.353702739384169
28207,1,1,0.8078830067432091
21929,0,0,0.036255712832773734
17887,0,0,0.1786884990920193
18777,0,0,0.0027804078608904717
17199,1,1,0.9327077126706406
11234,0,0,0.008035243137116324
28127,0,0,0.002295942811004214
9500,1,1,0.9647422925460726
32389,0,0,0.0730983002928336
12878,1,1,0.9913533759760661
30724,0,0,0.0009496169662992318
25605,1,1,0.6472807035473724
22796,1,1,0.7845897247967227
25234,1,1,0.5651689565464751
19427,1,0,0.4785068476043048
11993,0,0,0.011956572360752553
8714,0,0,0.0021606788050942704
25455,0,0,0.27930782678978455
16057,0,0,0.09612935848201742
30103,0,0,0.1500061009546835
24553,0,0,0.032124448193750245
11495,0,0,0.07628544245874841
14901,0,1,0.6877693312645216
6513,0,1,0.6129933035850712
20386,0,0,0.062144046667317876
10203,0,0,0.0002570245469524426
27121,0,0,0.09938936410806282
5139,0,0,0.0296409250698854
18440,0,0,0.0027652876777137358
30059,0,0,0.009718430045735372
20473,0,0,0.005769326505733314
32053,1,1,0.691413444629125
14302,0,0,0.013509291379990023
29804,0,0,0.08923246400359215
16172,0,0,0.004348977897573399
28632,1,1,0.845297290398164
2494,0,0,0.174506269261961
5079,0,0,0.002662629382089494
28569,0,0,0.23525691643436578
17965,0,0,0.036664946355115115
25208,0,0,0.005223494195674152
5635,0,0,0.00029274052119707345
10717,0,0,0.005932927786561065
19822,0,0,0.013851374684048295
24129,0,1,0.6694160455336314
22266,0,0,0.011365370703037168
14340,1,1,0.9389567364579912
28663,0,0,0.058760078884793086
9574,0,0,0.01469924257750751
28877,0,0,0.07126292318223874
22180,0,0,0.0002347517583480342
8013,1,0,0.29161041832544393
14682,1,1,0.7280355445037999
4435,0,0,0.012902689664134616
8947,0,0,0.047414434574249265
18097,0,0,0.010213140082195711
11528,0,0,0.013574647751962307
1949,1,1,0.7662220723862295
29028,0,0,0.11548629232134662
2135,0,0,0.03439031187896097
14545,1,0,0.4407842701077742
17876,0,0,0.03922448406247788
16926,0,0,0.000754279599324635
8646,0,0,0.0016225393561206576
14128,0,0,0.0015134327979695829
32505,0,0,0.005003475549389301
21629,0,0,0.00964640914830883
9393,0,0,0.08392001244222148
14053,0,0,0.02491673786476394
18256,0,0,0.004951546189377479
15812,0,0,0.1311773455683762
18898,0,1,0.5871092928845484
16560,0,0,0.015467502594282978
12068,0,0,0.003134096055895304
28126,1,1,0.5013583398038451
22878,0,0,0.3461228931401699
20383,0,0,0.01784608366283817
6516,0,0,0.06237035632641844
32120,0,0,0.04277603111459775
3234,0,0,0.0025245418526189125
30980,0,0,0.0005100400145808646
16887,0,0,0.03730294103431698
3105,1,1,0.998749742631456
27025,0,0,0.008654764080940569
6401,0,0,0.028299623816338475
17131,0,0,0.0003320585651453657
2573,0,0,0.014560982906523384
16781,0,0,0.0002989139986274502
17437,0,1,0.7396346664366974
23377,0,0,0.006780271905010322
29500,0,0,0.0030148879615545213
21918,0,0,0.0010784419875108362
2858,0,0,0.0005957395306253167
3108,1,1,0.9780999136193859
29618,0,0,0.000781275847482308
14153,0,0,0.04218009732746264
29102,0,1,0.5358957847210447
446,0,0,0.045225725661074544
15388,1,1,0.811800679192931
6177,1,0,0.4081230870981607
17895,0,0,0.011101322382360237
21917,0,0,0.12138387245172393
29711,0,0,0.019779275491526912
19816,0,0,0.06320667144772675
11326,1,0,0.2852905310171976
1903,0,0,0.006025819787418553
13388,0,0,0.01192862066125437
24682,0,0,0.002971184417567901
25448,0,0,0.20820966576198466
10932,1,1,0.6459484679633481
2639,0,0,0.008414247184756826
1922,1,0,0.3927938159914402
12925,0,0,0.042046003072968186
10415,0,0,0.05717786995274012
1503,1,1,0.9869763721981694
67,1,0,0.407184599468634
24799,0,0,0.022711058330812814
19140,0,0,0.002827881877348172
4394,0,0,0.18045971659564256
17019,0,0,0.04010058541177553
25413,0,0,0.0008536404643210142
15538,0,0,0.0023141994603065566
26555,0,0,0.21233832266599975
26336,1,1,0.5342359479921625
25783,0,0,0.0013195070576942599
26182,0,0,0.0031316148534643487
16390,0,0,0.0023605089490305593
8970,1,0,0.018462881236458898
22337,0,0,0.0008203514258693377
18047,1,1,0.7241915767366582
29525,0,0,0.002649351206414038
32350,0,0,0.006992098723276462
24580,0,0,0.009177275907091099
5142,0,0,0.01889308741926508
13161,1,1,0.9980589505505769
8224,1,1,0.7467275011798039
22190,0,0,0.0004672462824931486
9496,0,0,0.00040942384019208465
8677,0,0,0.2691901002204549
5245,0,0,0.0002347517583480342
7171,0,0,0.1465052434094878
505,0,0,0.015178107451989865
5110,0,0,0.3752945216231905
31939,0,0,0.07102973382184245
6905,0,1,0.64376769047772
27072,0,0,0.06355390624846881
7640,0,0,0.01798845351187149
22092,0,0,0.006208708306980612
21884,0,0,0.026131438135027732
20673,0,0,0.0095363422613758
30616,0,0,0.21233832266599975
13448,0,0,0.01726643281013944
7600,0,0,0.19836855477515503
13264,0,1,0.5048730459982572
26983,0,0,0.0022161809136086795
1183,0,0,0.2461265721202933
368,1,0,0.38424007382715625
163,0,0,0.01998092863227329
14607,0,0,0.05682568928517296
7169,0,0,0.003395464643505593
31055,1,1,0.6902508750125612
16285,0,0,0.42004416524710936
3447,0,0,0.24606981544908987
30678,0,0,0.04017163781218001
3231,0,1,0.5014169821750257
28145,0,0,0.1284634932677172
11907,0,0,0.04322347945219293
21481,0,0,0.002653739558757157
6340,0,0,0.17667065898813492
28078,0,0,0.013245359626663686
8538,1,0,0.21784175421288046
28346,0,0,0.41149260139610205
21757,1,0,0.10769747410206613
25345,1,1,0.7615260389498749
5732,0,0,0.08481634108873025
14120,0,0,0.007579512433928057
1210,1,1,0.9526105080250069
1048,0,0,0.0036785669191914915
22390,0,0,0.0728133069862421
18354,0,0,0.0015222943556016354
9427,0,0,0.00985570131594008
9387,0,0,0.06847009585942666
22954,1,1,0.9987913498303431
8174,0,0,0.10459919532517348
23339,1,1,0.9600997692466966
20128,1,0,0.16913435376045968
1505,0,0,0.3547686232606535
21030,0,0,0.009497964430817872
23769,1,0,0.45159030654111776
11219,0,0,0.34420072124919715
1686,0,0,0.020344644409452058
18215,0,1,0.5421000067112954
26341,0,0,0.17127472113193254
1234,0,0,0.009359189061588112
28907,0,0,0.015956180762482466
13963,0,0,0.01902660519937842
21389,0,0,0.1538267885219741
25185,0,0,0.01005415528486453
27794,1,1,0.6022256517685295
1140,0,0,0.0004213666704927102
26140,0,0,0.13591115457711425
6592,0,0,0.005901158537879936
4338,1,1,0.9986514391388663
16850,1,0,0.14207194203757725
24802,0,0,0.144898620282484
24927,0,0,0.0075073515340889725
8893,0,0,0.2928933931345515
8765,0,0,0.3723773774863035
13736,0,0,0.005573622575886971
27119,0,0,0.07432450981695127
15435,0,0,0.1568682573082042
32281,0,0,0.13067418468488914
25945,0,0,0.25788655025309987
25310,0,0,0.0005725211168342572
27669,0,0,0.010075467679962164
24009,0,0,0.43335393338667383
28556,0,0,0.29106624342291715
10219,0,0,0.0003194223935666203
26558,0,0,0.4701228582628279
1260,0,0,0.1635486928893626
22750,0,0,0.33799383166087305
21617,0,0,0.018421815230423563
30734,0,0,0.04042169507267143
1848,0,0,0.1291750843765932
24577,0,0,0.030016456442452752
20549,0,0,0.09755504802608965
29743,0,0,0.00033959408182937875
16406,0,0,0.4248622797638156
16123,0,0,0.0005907543200311423
32068,0,0,0.035802745536314406
16774,0,0,0.02949008189433094
10786,0,0,0.0053636583589626976
25450,1,1,0.9981739146675869
21591,1,1,0.7666499597870632
14041,0,0,0.012114548188894026
11563,0,0,0.017430026362669774
13576,0,0,0.027398232156514008
19915,0,0,0.029515283646913682
1628,0,0,0.036258275357744084
998,0,0,0.0951659186885197
7562,0,0,0.2378409017855092
24710,0,0,0.0006186070622330285
24942,0,0,0.4671524261363658
18862,1,1,0.954764867028354
16972,0,0,0.10711556662916799
19199,1,0,0.33409522687790333
8467,0,0,0.0008171012390475151
4872,1,0,0.4768197352041838
23992,1,1,0.9069586422869552
26301,0,0,0.01634389530800706
28539,0,0,0.006355343521043284
27952,0,0,0.04853528444645062
26415,0,0,0.18058890506608086
18084,1,0,0.43477243241101443
21710,0,0,0.007565246905557931
25988,1,1,0.6931191829217963
27248,0,0,0.002506510341401986
27195,1,1,0.9980047294530864
120,0,0,0.0013263396880102303
14406,0,0,0.0004529755814124835
24656,0,0,0.0874803024040242
31638,0,0,0.060534279690582116
22263,1,1,0.9936356222115569
9613,0,0,0.10375907107005528
3475,1,1,0.5676967541512261
29933,1,1,0.9919686924241004
26041,0,1,0.5974294153850711
23886,0,0,0.20663213553234053
32198,1,1,0.9062736813376508
5750,0,0,0.10901806967926779
3171,0,1,0.576986519323582
19103,0,0,0.00975687953205036
10108,0,0,0.02403027899911932
10523,0,0,0.006649350552489258
25431,0,0,0.0043560398680795144
25711,0,0,0.007339000695747565
11469,1,1,0.5444436673571714
7160,0,0,0.05186651012009994
21307,1,0,0.38500901127526727
23309,1,1,0.9959644401380986
8284,0,0,0.29412205014823417
27309,0,0,0.0009086437440416414
21250,0,0,0.04487301211005345
5940,0,0,0.005006298090211399
16723,1,0,0.48072558619189376
539,0,0,0.004196672739266323
25708,0,0,0.00022600831405722227
3305,0,0,0.11703282485366213
8110,0,0,0.010543813879631476
7765,0,1,0.5073138123857567
9927,1,0,0.11800327530029937
30340,0,0,0.02319806572801779
9982,0,0,0.04606222939261692
30785,0,0,0.02258616742794793
30241,0,0,0.1449642617755171
4545,1,1,0.5859578481829119
20193,0,0,0.036543946841601685
12832,0,0,0.002304520816333189
31330,0,1,0.6266895311309811
29640,0,0,0.1273193510154987
5431,0,0,0.020392097619888375
19981,0,0,0.01078367539928148
15529,0,0,0.20409534333338844
3207,0,0,0.0024609608260807163
18150,0,0,0.19491546802293216
139,1,1,0.5315634672368245
1755,0,0,0.14230216250368047
15561,1,0,0.010808028522466205
18743,0,0,0.042325981468845454
16903,1,1,0.6731092687693424
9698,0,0,0.362426394426043
27300,1,0,0.46728737537090587
25179,0,0,0.1918907456297989
29479,0,0,0.005361857052838135
16210,0,0,0.0011693031639749228
15544,0,1,0.7280056106794811
25761,0,0,0.0016355690519250308
3355,0,0,0.022422260908528512
2161,0,0,0.001608076333442095
16198,1,1,0.9978422720053516
10817,0,1,0.556752225418303
21309,0,0,0.0193951085431617
2650,0,0,0.001195183297830927
567,0,0,0.003189191592679307
27667,0,0,0.00936921891208152
23606,0,0,0.3598136446695353
20524,0,0,0.021120724674778324
17601,0,0,0.220967070239117
24051,0,0,0.0025248340999355027
20913,0,0,0.11843454232783335
252,0,0,0.005192871428986908
9652,0,0,0.0003181070795559043
29709,0,0,0.002916003428222599
13996,1,1,0.9946088186934067
17153,1,0,0.4581956269027907
19848,0,0,0.004941097267654914
11707,0,0,0.11050123019852416
19789,0,0,0.1602361946780754
20888,0,0,0.27288436101367713
9700,0,0,0.41289350966566224
24859,1,1,0.5048245629398002
18939,1,1,0.9503077635343039
19189,1,1,0.8005648518022964
10047,0,0,0.34305717036630606
21511,0,0,0.007794449220771843
6224,0,0,0.01641573743301385
2614,1,1,0.7176224190672619
14060,0,0,0.0439528036874646
30375,0,0,0.08019329619625883
9731,1,1,0.9952897564343867
10173,0,0,0.003969887604028968
25137,0,1,0.6261867289357442
31574,1,1,0.8137333063821409
6751,0,0,0.08037581268272072
12393,0,0,0.3416180952760812
12004,0,0,0.025591624005081044
9015,1,0,0.1071690471499915
27923,0,0,0.061878974146884015
25148,1,1,0.9632105617570069
14676,0,0,0.3934385216386583
20016,1,0,0.19458734777501427
26872,1,1,0.9955377131988978
6091,0,0,0.09108286936794414
19322,0,0,0.0007391432594187403
518,0,0,0.0008696208731905523
23807,0,0,0.00017110956717377452
74,0,0,0.07291284233875793
5092,0,0,0.19921456019710956
11154,1,1,0.6624071045657621
3119,0,0,0.15808357896338238
21116,0,0,0.0015304158402559814
18070,0,0,0.006880475005420772
22314,0,0,0.005435041131688617
13982,0,0,0.000596489726656731
26491,0,0,0.10809472476435827
28246,1,1,0.9971667930075189
16229,0,0,0.0345885832033505
8159,0,0,0.03883939916993323
7405,0,0,0.31194456582547603
21815,1,1,0.6868956006704444
8824,1,1,0.7836161692738113
16919,0,1,0.5831626147017362
26387,0,0,0.2703415910083804
15790,0,0,0.00020942277013127973
11663,0,0,0.01949573755112571
32488,0,0,0.0007481744103297695
2017,0,0,0.4041461190762243
30590,0,0,0.004081876951573509
15460,1,1,0.5202974215914483
1195,0,0,0.10141208815079449
18958,0,0,0.004199374296564351
3884,1,1,0.6929554223723948
16367,0,0,0.047920466928441735
17058,0,0,0.0020930656904250555
21480,0,0,0.01357631008742606
31660,0,0,0.25944522668344433
24256,1,0,0.01111227373674907
801,0,0,0.00030612346714937376
12459,1,0,0.360911406888043
27063,0,0,0.027122794609106927
30983,0,0,0.36888091226180136
30740,0,0,0.02245236669922479
31073,1,1,0.7254277702180577
9404,0,0,0.012805378923061958
18236,0,0,0.0071888052964411975
28098,1,0,0.22939884057109217
276,1,1,0.9952611730591827
2527,0,0,0.03350527755553371
3241,0,0,0.01470719580187023
10449,0,0,0.004580437384977677
13826,0,0,0.2259537380617748
14903,0,0,0.0003942428526523694
11017,0,0,0.04658112751554247
9447,0,0,0.018300912355593967
5932,0,0,0.017651246633406437
25743,0,1,0.9300527373412978
10700,0,0,0.43868220734725405
31785,1,1,0.668660081326912
14560,0,0,0.3327988343636612
10597,0,1,0.7504920035174539
6625,0,0,0.10378210563569584
17281,0,0,0.3964018218713081
16486,1,1,0.5701242578902241
17516,0,0,0.025136694185294267
8900,0,0,0.1471055779722212
28618,0,0,0.06504013544764206
23229,1,0,0.2230975979947908
31308,0,0,0.0008972158364176034
19122,0,0,0.01570880915357641
27757,0,0,0.0007274743697580788
8961,0,0,0.3268888824120791
22592,0,0,0.0007109911214457599
21195,0,0,0.28475979099212645
9928,0,0,0.0009635677815311855
12792,0,0,0.013365156751004215
29425,0,1,0.5762219278171483
30912,0,0,0.0015247338320860226
31460,0,0,0.37792716443914215
17180,0,0,0.021266565428009036
18782,0,0,0.011584273552719385
2018,1,1,0.734173050584008
5246,0,0,0.1423534321645545
27778,0,0,0.04931398105502984
12581,0,0,0.0003911068946610004
12121,0,0,0.2768288656387101
7536,0,0,0.09959084080438187
26880,0,0,0.24110187760755397
31718,0,0,0.36776671577694603
4315,0,0,0.2770718070991136
12799,0,1,0.5423597899328487
23720,1,1,0.7596107095037593
7836,0,0,0.17370968288954258
31123,0,0,0.3276381409270937
14824,0,0,0.042980963329857035
8794,1,1,0.9922649092943144
4816,1,1,0.7484527881775106
15297,0,0,0.0009871665490200812
27138,0,0,0.004139849478557194
17802,1,1,0.9952727536620173
25176,0,0,0.36776671577694603
13674,0,0,0.3060320095614035
2067,0,0,0.026614379136067044
18220,0,0,0.11361180521005405
18964,0,0,0.2175821011730444
16173,0,0,0.00024923633000907677
3297,1,0,0.28022083693503036
15366,0,1,0.6093064387117776
14096,0,0,0.0719659489375616
32081,0,0,0.21104686840923606
15268,0,0,0.010402470988943611
17415,1,1,0.7580287362945334
3412,0,0,0.08055318585175723
30826,0,0,0.0003123931764912331
2226,0,0,0.004661185247318892
3058,0,0,0.00599962450320761
11294,0,0,0.14866847532303648
10845,1,1,0.9943267532934029
29625,0,0,0.01760180883583327
14962,0,0,0.0012341814257494327
28024,0,0,0.36495474696587477
20606,0,0,0.2379134447984045
30321,1,1,0.7530799845726368
14947,0,0,0.04228783584051423
28272,0,0,0.015773868562302753
18105,1,1,0.711942463971489
25471,0,0,0.001295851901419423
23742,0,0,0.03918422937390768
21982,0,0,0.0015528090872761052
23878,0,0,0.01039182993622251
16676,1,1,0.9568689665619056
6024,0,0,0.15501285635052095
18224,0,0,0.08838323691790194
21,0,0,0.0024386017303969086
15901,1,1,0.6516243306948496
27260,0,0,0.2418246458130523
165,0,0,0.005885998771859912
12287,0,0,0.005850025688960252
25005,0,0,0.24874852864541233
30945,0,0,0.0021307465315188383
22258,0,0,0.004581273117343988
31658,1,0,0.3992538350129197
12255,0,0,0.01660282827154705
13189,1,1,0.9329600470614818
5815,1,1,0.6479158690618717
2924,0,0,0.04091141976136851
1076,0,0,0.0022179096503952347
23507,0,0,0.005088289087444956
17788,0,0,0.0013691221052833027
11670,1,1,0.7494251891005264
13776,1,0,0.23920448192275368
15983,0,0,0.003286742256813607
8618,0,0,0.10014521832680191
9006,1,1,0.7545906205835107
24171,1,0,0.43350853289895835
6684,1,1,0.5611773041216841
6611,0,0,0.0010221975521334918
29865,0,0,0.24021419744208494
20243,1,1,0.9388412122265982
7747,0,0,0.11799884068923888
15014,0,0,0.032331859854668736
24292,0,0,0.1403384699217206
14979,0,0,0.00458013325183305
19481,0,0,0.45783949416620984
16659,0,0,0.47835297227330714
31407,0,0,0.005858721152639687
8449,0,0,0.29940174977177353
9086,0,0,0.01036432311810434
22894,0,1,0.5662143466827049
4698,0,0,0.002262712301416691
4266,1,1,0.9977489527418584
28381,0,0,0.008366976339021833
5051,0,0,0.05001585582139831
25533,1,1,0.724724485470547
10183,1,1,0.9974421221914437
10741,0,0,0.357557366146177
20917,0,0,0.0037812897261964673
24137,0,0,0.0010486949828435023
23262,0,0,0.0050034273758695685
29636,1,1,0.95837074810559
20713,0,0,0.2002413159377059
26191,1,1,0.7251524214412562
15158,0,0,0.31194456582547603
30326,0,0,0.2077023444024365
2939,0,0,0.1928846468419072
2396,1,1,0.6331136708015394
19836,0,0,0.03575258445802726
16381,0,0,0.0002596092048417309
2019,0,0,0.0019858953732267595
21791,0,0,0.01217130586882312
6536,0,0,0.05651037178302765
10072,0,0,0.19192221565608816
12739,0,0,0.05767412044216246
11273,0,0,0.026244785306336147
11301,0,0,0.00047303759129059975
813,0,0,0.0021508659201996657
25749,1,1,0.6868956006704444
24162,0,0,0.4972275056839858
26536,0,0,0.0039901511194183155
28861,1,1,0.6000964987294234
23781,0,0,0.49939323431212257
16059,0,0,0.020492104939531065
6080,1,1,0.9392901204874208
6474,0,0,0.13917320432073235
1139,0,0,0.08084393716430033
4680,1,1,0.9984750934170807
7177,0,0,0.3155613317705348
24603,0,0,0.3731653874842877
9327,0,0,0.007081259077511862
7361,0,0,0.0036157922567207853
16889,0,1,0.6920039786550559
25062,0,0,0.009177275907091099
3244,0,0,0.15212714728671964
14130,0,0,0.0019797753979489355
4007,0,0,0.0384048075751816
7270,1,1,0.9959712215344577
22603,0,0,0.07716942003046974
28613,0,0,0.00034117906972155437
24313,0,0,0.002788388097544754
30968,0,0,0.01811289503784312
3664,1,1,0.5452725720822792
5998,0,0,0.04158578771506842
25799,0,0,0.0412028334332569
1597,0,0,0.10345297333229359
5283,1,0,0.4116397829821728
10898,0,0,0.22937162130349834
29345,0,0,0.0008256893455907737
3645,0,0,0.001037504934101786
7750,0,0,0.12636205162072447
5416,1,1,0.5135375370029497
7191,0,0,0.027221935972668605
22761,0,0,0.010101254115936327
10498,0,0,0.0017857222270548279
15230,0,0,0.0007071678885734086
28704,1,1,0.7607217082424915
11951,1,1,0.9353131714545447
26944,0,0,0.008484368290251015
15409,1,1,0.7634763858858307
22126,0,0,0.0029341291876082624
20311,0,0,0.008014097040006683
15792,0,0,0.045490157074995236
8112,0,0,0.008966627758742832
23475,0,0,0.03705028285369453
30683,0,0,0.01679021165592371
25466,1,1,0.9533458697928529
18488,0,1,0.6143442432459963
15940,0,0,0.004257234352695196
26606,0,0,0.03030355049704402
14176,0,0,0.03170370797841028
3037,0,0,0.013095565494319042
19817,0,0,0.0007937013287351438
30152,0,1,0.5067086629009089
25457,0,0,0.008823055921977341
27403,0,0,0.29460293561999534
5174,1,0,0.006897481535323278
17316,0,1,0.7397303523785768
28071,1,1,0.825331826759708
30177,0,0,0.0027087346455102034
12511,0,0,0.06828607903807131
22110,0,0,0.011753118110740188
15138,0,0,0.005940868346597398
24048,1,0,0.272908089046507
3298,0,0,0.003237245871048686
10938,0,0,0.16376263502669478
21583,0,0,0.0059982658126920005
12957,1,1,0.7857717823210096
25709,0,0,0.09642898465494469
17154,0,0,0.0004213666704927102
8850,0,0,0.3833448586333672
23422,0,0,0.00048531511965338485
28085,0,0,0.011154526275890905
18234,1,1,0.954226130125432
6160,0,0,0.04041997222923314
4369,0,0,0.0010719949056434126
4046,0,0,0.0010595274380839628
29552,0,0,0.002595259838818318
12877,0,0,0.0002902520517412413
25296,1,1,0.9594789818243656
860,0,0,0.00024525297355245296
32088,0,0,0.04983017794528132
29437,0,0,0.10329518193571001
4391,0,0,0.0071630169857554256
12991,0,0,0.0005233418508019421
14651,1,1,0.8055915160765367
23660,0,0,0.005629639037360512
18441,1,0,0.06763075972021947
18414,0,0,0.00015585651516206484
30125,0,0,0.015699026622430123
31334,0,0,0.12264800275552852
18922,0,0,0.007393516526957811
25258,0,0,0.06249728770291733
9676,0,0,0.30209353185359183
23679,0,0,0.3362759441341893
1761,0,0,0.2891606246904594
27,1,0,0.14318660977632747
23164,0,0,0.009630781027415625
13536,0,0,0.0038695054797895484
15627,1,1,0.7382089455691226
14536,0,0,0.0011101386073955803
19089,0,0,0.3296432861219813
441,0,0,0.007869793853005359
12430,0,0,0.002827881877348172
14004,0,0,0.033570634057201836
14964,0,0,0.1853078451656209
31101,0,0,0.0016447506412451357
14891,0,0,0.0003701962170948345
7698,0,0,0.09257940591135161
31546,0,0,0.0025997135262460754
23983,1,1,0.599009497543852
2904,0,0,0.016907011770903507
18709,1,1,0.6530573809520605
8424,0,0,0.3641024015467245
5860,0,1,0.5896712457096732
20816,0,0,0.00732366308852735
18585,0,0,0.00030932102103454025
16550,0,0,0.01682695125847929
14867,0,0,0.012748619352475857
30768,0,0,0.001244526595389384
22287,0,0,0.004724071136444206
9099,1,1,0.5383605926567411
20282,0,0,0.0003629861929840817
10909,1,0,0.18919770104770517
29331,1,1,0.7536258384757359
29923,1,1,0.5312724966474446
258,0,0,0.21454369393261108
25701,0,0,0.013972501934452687
5933,0,0,0.01923537056920421
17026,0,1,0.6242276366961762
21536,0,0,0.27007376750306117
31138,0,0,0.14272257677793843
10481,0,0,0.0003063797839003465
25298,1,1,0.7355386933721372
13843,0,0,0.32150562669396526
17113,1,0,0.48235604275757876
6266,0,0,0.0007931365007586643
10472,0,0,0.0003949497583468392
27730,0,0,0.15364402170764074
15662,1,1,0.6998329528214507
19594,0,0,0.015505881699702592
18299,0,0,0.00457935483167259
20947,0,0,0.2933274157493471
20178,0,0,0.0003194223935666203
28395,0,0,0.011305748752087008
26474,0,0,0.021541209804213188
27139,1,0,0.20147690704804608
30282,1,0,0.16722905628605042
8593,0,0,0.006905873057818462
31373,0,0,0.013578254599454685
32206,0,0,0.004436691405158872
20338,0,0,0.1311773455683762
21037,0,0,0.02552498164658071
3442,1,0,0.4293328605092633
28011,0,0,0.15975626047275662
12744,0,0,0.019879736658546483
23841,0,0,0.009630354194519393
11070,0,0,0.09101428767370599
88,0,0,0.02095684549698405
2728,0,0,0.0004213666704927102
2622,0,0,0.2774075011761865
23790,0,0,0.08179082460284022
22917,0,0,0.0008861290275244122
15383,0,0,0.3287582928537304
27141,0,0,0.0020645983430651513
17242,0,0,0.042527737437331625
4353,0,0,0.4463194894993747
9998,0,0,0.013534878065119648
22667,0,0,0.08365952387089513
3784,0,0,0.4471039931093914
23552,1,1,0.8053277946120025
7721,0,0,0.008236231402893332
6987,0,0,0.2651781208521414
28400,0,0,0.020463089881176174
6137,0,0,0.2604084267655713
2589,1,1,0.6197602009360107
31729,0,0,0.0002735830993637293
3574,1,1,0.8419224039914704
23221,1,1,0.9961389993807023
23325,0,0,0.005207192997398853
29704,0,0,0.013294203728399324
26512,0,0,0.001503318227234765
1059,1,0,0.43520304911129193
7325,1,1,0.7424359076263753
26627,0,0,0.0034154266266982433
4786,0,0,0.0018897119510204042
23979,1,1,0.7277981151926364
6139,0,0,0.07032777789642243
17132,0,0,0.01060905662871514
6881,0,0,0.14318751539499316
10322,1,1,0.8087267301801875
5397,0,0,0.0017070975511220444
11880,1,0,0.029002916975251602
13386,0,0,0.23687690092129987
13626,1,1,0.9845017485503771
22869,0,0,0.003260118198977029
17072,1,0,0.22247480404911313
2672,0,1,0.73694714555242
29472,0,0,0.0010113659566298018
22303,0,0,0.3421736402180576
16282,0,0,0.11031275899511302
12251,1,1,0.6855009121205393
18702,0,0,0.11745591165023882
1155,0,0,0.09815602806730994
25289,0,1,0.5336795886486171
18473,0,0,0.018359662360555893
733,0,0,0.001126696434321325
29659,0,0,0.01388530702854479
12873,0,0,0.013961086388396863
6778,0,0,0.00041565569351663373
29706,0,0,0.22471200640046618
29752,1,1,0.9956484178432232
27681,0,0,0.04071808634480357
23927,1,0,0.4876957673579379
174,1,0,0.4922479555627714
2925,1,1,0.9502324792963734
17246,0,0,0.0066827716794872205
10796,1,1,0.9983905434049914
32226,1,1,0.9503781129320011
3375,0,0,0.04021254852348612
23416,0,0,0.053196397327288814
22540,1,1,0.809030956829394
11627,0,0,0.005597619511656746
10404,0,0,0.0012177012606962893
30807,0,0,0.0766587537051897
13689,0,0,0.014425286491034367
26621,0,1,0.5772759229669532
15182,1,1,0.8205521247921125
28574,0,0,0.17238613216415685
11963,0,0,0.0027480237710429804
4418,0,0,0.11579850696784096
24193,0,0,0.00046442882565961714
12450,0,0,0.02709450082445378
16957,0,0,0.41496193705761475
11923,0,0,0.19310621065850808
7262,0,0,0.03255180736395282
8665,1,1,0.687796036351612
6547,0,0,0.05455664784258468
1340,0,0,0.04683895874904745
5060,0,0,0.0036074321870700685
24500,0,0,0.0002895452645575062
5453,0,0,0.2479120151023375
29899,0,0,0.045026820539569336
12429,1,1,0.6947750897357059
24114,0,0,0.08257932155619223
8096,0,0,0.0003294229235922123
26030,0,0,0.03633703939801941
17577,0,0,0.03741049282077194
22149,0,0,0.03582450094433807
20363,0,0,0.05512825138244823
23326,1,0,0.23912940967069893
29490,0,0,0.022730270770322514
8826,0,0,0.0016236875232441012
15694,0,0,0.20807877223734314
27627,1,1,0.7936679446057116
24377,0,0,0.03767582305217085
17018,1,1,0.5046259059679772
6754,0,0,0.01913782548767395
14916,0,0,0.20749796447015126
23098,0,1,0.6035758881092547
12195,0,0,0.11330583486759234
22276,1,1,0.6894098255209123
18772,0,1,0.8361273211433864
16043,0,0,0.011801407987944539
17772,0,0,0.0035670615776047915
27324,0,0,0.0059813814743405825
6129,0,0,0.007651685242422344
9905,1,1,0.9970204841761982
29150,1,0,0.4331343739969738
16734,1,1,0.9975888193815238
4790,0,0,0.19681813484024857
10770,0,0,0.03837196307524377
6504,0,0,0.014050951727025973
24894,0,0,0.003545456421687601
6040,1,0,0.4024181331534004
750,1,1,0.9951742010138567
793,0,0,0.0007594493807283233
16233,0,0,0.2247797231916023
11153,0,0,0.0009411091185204226
27084,0,0,0.3890506504883826
7152,0,0,0.02883060357046977
12862,0,0,0.1970927053576346
31799,0,0,0.19654742502567726
19790,0,0,0.016012706048937328
11380,0,0,0.008931577069984542
13075,0,0,0.21233832266599975
30258,0,0,0.23703159668232554
26148,0,0,0.0753955468713147
9744,0,0,0.001343090636661416
8045,1,1,0.7903849661091936
11151,0,0,0.0007301508714763349
28840,0,0,0.026070302782271463
30887,0,0,0.03838924931197804
10592,0,0,0.0008611650252734008
31433,0,0,0.3367153969657533
19145,1,1,0.6780880640483341
20259,1,1,0.634990192724261
12269,0,0,0.0012269682650439988
14644,0,0,0.002503946745975171
20135,1,0,0.08303654217740329
10199,1,0,0.49385888929801786
2468,0,0,0.029317933692093106
5388,0,0,0.0020052834608677125
8283,0,0,0.15712270036125883
1214,0,0,0.0004391950428178579
23973,1,0,0.30849072848221487
21431,0,0,0.10195823162109842
3602,1,1,0.961426015837258
16049,0,1,0.5473728836671925
23011,0,0,0.0356153924701261
8280,0,0,0.022209147277727673
6550,0,0,0.27901776102934117
10145,0,0,0.0012842615819756574
28236,0,0,0.004699225657977038
26986,1,1,0.6226668612700114
25445,1,0,0.051759585028788614
16335,0,0,0.03996103456438702
4616,0,0,0.00532104682230698
10977,1,1,0.992620292514399
11411,0,0,0.07851499490039575
15666,0,0,0.15801527647427593
541,0,0,0.046072649788081475
28964,0,0,0.003512660101186655
13030,0,0,0.007315823331734324
30989,1,1,0.656677773105114
31757,0,0,0.023146938252989524
5827,0,0,0.0005401293670517178
26202,0,0,0.1451867850732697
28216,1,1,0.827176868550199
26658,1,1,0.951083679437683
22563,1,1,0.7648782554281852
15997,0,0,0.026854585552191324
6761,1,1,0.7677976096381359
27914,0,0,0.008124058455405573
30409,1,1,0.9905963009061557
185,0,0,0.22459484136017527
21708,0,0,0.03140391246449702
9238,1,0,0.2756927163149976
18090,0,0,0.08705382049363632
25685,0,0,0.031030052156113024
23271,0,0,0.002467515434686328
6674,0,0,0.009984507047956842
22459,0,0,0.2348487613473839
10840,0,0,0.3307970366260891
14265,0,0,0.0017860442932458164
6915,0,0,0.0014964147579211602
32491,0,0,0.04248060692638367
31206,0,0,0.245012635454024
30921,0,0,0.030986612547812684
2350,0,0,0.13693842066770442
18751,0,0,0.010009414368825685
20392,0,0,0.041562212123057996
18302,1,1,0.6386922158330232
16245,0,0,0.41754569734257235
5205,0,0,0.02908551767823307
19132,0,0,0.05603026454165183
10514,0,0,0.00787953679003779
7158,0,0,0.04759931438423586
14934,0,0,0.00028724441081119445
14131,0,0,0.09959084080438187
29989,0,0,0.4562419560839787
23080,0,0,0.16551659181669312
5159,0,0,0.2963398456835104
17752,0,0,0.03879238471961339
29390,1,1,0.9770546688359438
12284,1,1,0.8260311091842635
31555,0,0,0.013561749125959838
29832,0,0,0.005048976477801042
31136,0,0,0.031785068955085614
21189,1,1,0.9737036739997782
4378,1,0,0.10106341795902901
12065,0,0,0.000810876557699736
15243,0,0,0.01024651351281014
7358,0,0,0.0002347517583480342
8071,0,1,0.5892372013426675
32370,0,0,0.008973954489504537
28527,0,0,0.01481038558438929
26210,0,0,0.30357986758987615
17660,0,0,0.0005203391742140585
2868,0,0,0.0048005362490448214
1527,0,0,0.34420537697518244
5406,1,0,0.36800170490940437
2681,0,1,0.6047257007814447
8585,0,0,0.0017412198626237483
18520,1,1,0.9352646267235675
19367,0,0,0.006412475711676035
9637,0,1,0.7591729870168571
21535,0,0,0.000737285851610076
25920,0,0,0.0012309190690609382
110,0,0,0.011537545018325846
9461,0,0,0.37067864838660797
30355,0,0,0.03865933474190646
4686,0,0,0.2318729232447249
26967,0,0,0.10362559735717725
15905,0,0,0.004592232455159888
5806,0,0,0.04912411997759531
7185,0,0,0.1530129713154299
17043,0,0,0.4294914443075096
8461,1,0,0.4212739823536784
14785,0,0,0.017411528432449228
31941,0,0,0.2554333296741265
30367,0,0,0.051803619259752375
2073,1,1,0.5918102787694463
13718,0,0,0.2967612741570181
25721,0,0,0.017831618197776875
4451,0,0,0.0011399469497389914
243,0,0,0.000294606438985993
29265,0,0,0.16053039139107272
21029,1,1,0.5039393453251523
5683,1,1,0.9969938763527515
21068,1,1,0.9953966079068114
25401,1,0,0.13465181241059562
29263,0,0,0.0007398937807343176
28368,0,0,0.10131043927052574
8684,1,0,0.24838458803611926
17088,0,0,0.41759206252236947
5807,0,0,0.03351804249457222
26165,0,0,0.015003388678333613
16594,0,0,0.0009330577852369257
6159,0,0,0.1814615919682645
4351,1,0,0.18919770104770517
4755,0,0,0.22405265010889566
5308,0,0,0.09603694591135149
16223,0,0,0.3865482492836676
3103,0,0,0.0004213666704927102
11238,0,0,0.032906018288847524
29253,1,1,0.715617346864876
26417,0,0,0.0069696763393186706
8957,0,0,0.14486452514712014
10328,1,1,0.5972986972164961
25856,0,0,0.014522160143944472
4198,0,0,0.18805905314710222
22610,0,0,0.011236564632032575
7082,1,1,0.7180933938679348
28459,0,0,0.004946546402834782
18335,0,0,0.3054308033054748
16476,1,1,0.8771557132151137
2920,0,0,0.21195654765019198
32460,0,0,0.11548629232134662
9408,0,0,0.0021508659201996657
28649,0,0,0.1379496905191914
26855,0,0,0.05320478694155779
27697,0,0,0.015267936022401016
21077,1,0,0.2887500069904769
30323,0,0,0.07042972495198979
24585,1,1,0.9975662926462693
32482,1,0,0.46687728459531536
28203,0,0,0.0011021271282458235
2947,0,0,0.00022524179070453637
2942,0,0,0.06178941262155476
13428,0,0,0.09998212851051635
1346,1,1,0.7892594617269343
14214,0,0,0.0008291924494322378
7125,0,0,0.022997865977146884
28555,0,0,0.050183229632956496
24343,0,0,0.0009086437440416414
31018,0,0,0.04324165676560205
12483,0,0,0.16822372859464782
27835,0,0,0.004746011273979894
2196,1,0,0.4981177940737185
26094,1,1,0.9979544888726517
13522,1,1,0.9112008952715751
24397,0,0,0.05222974041360582
21139,0,0,0.037466573542805415
22703,1,0,0.4981177940737185
27850,0,0,0.4284897385109863
28193,0,0,0.03806258565646137
9441,0,0,0.18718225021532411
27223,1,1,0.9961454174509518
24068,0,0,0.008939230598023241
6165,0,0,0.034149059040662365
5723,0,0,0.4637778890733564
21668,0,0,0.005400769910648427
16576,0,0,0.19386055035889835
5097,1,1,0.9988633749257051
19746,0,0,0.2999416107294532
16094,0,0,0.025822352556211108
31917,1,1,0.5777738579268141
21038,0,0,0.2188994669326824
15481,1,1,0.730881613998159
199,0,0,0.010835509031785394
14935,0,0,0.3547229832689542
30034,0,1,0.5131826038420199
27212,0,0,0.060183871471442045
14645,1,1,0.6834263112174965
1321,0,0,0.0003456580359598277
19779,0,0,0.0001679485812336505
27783,0,0,0.003252785363901524
13328,0,0,0.009249046779305265
29516,0,0,0.27416357272280933
13392,0,0,0.18050553023431223
2955,0,1,0.6077633461362032
23933,0,0,0.010764326039733992
5429,1,0,0.20719757877998193
31622,0,0,0.003089861044522505
10965,0,0,0.12346354038663304
17644,0,0,0.22247480404911313
9204,0,0,0.0012987724677614404
28692,0,0,0.38043129781849533
28746,0,0,0.004372645275404332
26844,0,0,0.0943922350246154
19431,0,0,0.0008811130454241199
4575,1,1,0.9965274475559575
31474,1,1,0.6434486043802159
6668,0,0,0.001057284865501232
29299,0,0,0.21421906672332933
31142,1,1,0.9715766059054988
15713,0,0,0.17018447910937318
18972,0,0,0.004051658066653518
9497,1,0,0.17677517585157462
6428,0,0,0.059939196381530724
8798,1,0,0.1113276799719371
5814,0,0,0.33657750833644506
21514,0,0,0.0003701962170948345
26034,1,0,0.19819437744137428
15811,1,1,0.535490009244643
13942,1,1,0.9984004949745376
6833,0,0,0.06508831043526982
16314,1,1,0.9638031864520316
10142,1,1,0.6140361094544592
8695,0,0,0.02158372707843234
2318,1,1,0.6576363850501145
13740,0,0,0.0003701962170948345
31451,1,1,0.8577432053670425
31514,0,0,0.006290731907092675
2524,0,0,0.06540643234228924
13146,0,0,0.014841550795299557
31218,0,0,0.2924517736543389
24650,1,1,0.7175695788691748
216,0,0,0.05935214414567353
15004,0,0,0.021528461837607604
29148,1,1,0.9950471281254728
21050,0,0,0.08661783374641181
31054,0,1,0.7845109595670255
4371,0,0,0.1347915029610027
4646,0,0,0.14825380165533902
8507,0,0,0.010425617650808265
3789,1,1,0.7616228196723686
32147,0,0,0.01686342698123833
23880,1,0,0.15464650894197499
13394,0,0,0.005294417699583946
7927,0,0,0.4603056265507488
20106,0,0,0.07920163387081103
24703,0,0,0.010452006412518403
15018,0,0,0.426686533589207
11735,0,0,0.3135608837358267
32303,1,1,0.8470170656558214
21390,0,0,0.03315648403073298
19500,0,0,0.0030790881632442556
15692,0,1,0.6650870124212802
25723,1,1,0.9834356895349301
20912,0,0,0.004482473259134247
22822,0,0,0.0016939715148547793
10879,1,1,0.7569429168615317
13864,0,0,0.38678520861549104
10285,0,1,0.6713685558029937
1747,0,0,0.0008297525724937663
20538,0,0,0.020561352236590284
10640,0,0,0.00916090353922882
23386,0,0,0.0010807376383164876
6496,0,0,0.02589025118763631
23990,0,0,0.17836208464836012
1081,0,0,0.001620692438516153
22409,0,0,0.0003181070795559043
31719,0,0,0.4684420847324531
16633,0,0,0.02893718722107701
28384,0,0,0.04151951330795222
9633,0,0,0.08693344259453144
19689,0,0,0.004691366946525261
26551,0,0,0.0010558553083293073
7102,1,1,0.6978423161707495
14649,0,0,0.002451929312254861
164,1,1,0.614703439619711
14567,0,0,0.0015951183827632766
9127,1,0,0.40252929080839195
18198,0,0,0.052184495714197254
25810,1,1,0.9950397331011089
8018,0,0,0.003356546818523178
30163,0,0,0.012029943308237279
18023,0,0,0.2461821679543258
4837,0,0,0.008939230598023241
22378,0,0,0.1970839401895648
12058,1,1,0.9974547379279453
25672,0,0,0.11257280680099914
31464,1,1,0.6719245613757483
29870,1,1,0.7457138591803932
869,0,0,0.04336918549531745
28205,0,0,0.000984816744595806
20389,0,0,0.04537437308847413
32407,0,0,0.019937432705142873
24993,0,0,0.03217482812076294
18002,1,1,0.9488628118747938
25782,0,0,0.05852279383285928
10971,0,0,0.017890619862271674
17371,0,0,0.00255842602537509
2813,0,0,0.008422240787164307
22879,0,0,0.029620235736591328
24270,1,1,0.995690391550276
3863,0,0,0.05738197399669225
20632,1,1,0.7558178262034065
6134,0,0,0.2974129955444387
20123,1,0,0.4290278896214536
18688,0,0,0.2502203119238036
3993,0,0,0.1068229482152046
8425,0,0,0.0003849889744685588
26510,0,0,0.1926522356980687
30840,0,0,0.18894798345568656
17507,0,0,0.002624885076966362
12670,0,0,0.07447210122982761
22338,0,0,0.05091684103248605
22560,0,1,0.6600066566378953
11305,0,0,0.2762381916831249
14760,0,0,0.18718087707104028
28942,0,0,0.008399296558283269
20588,0,0,0.031069071764501927
26393,0,0,0.0019745375745290005
3180,1,0,0.2756077611518708
14133,1,0,0.23620890888155688
29468,0,1,0.6389766214841147
29930,0,0,0.00024411922429945002
14693,0,0,0.04006471823154193
19898,0,0,0.004026879843981034
8458,0,0,0.07510136326313309
24070,0,0,0.002118951113782078
13717,1,1,0.9848756872847639
21286,0,0,0.0034938989439980543
22234,1,1,0.97780111364156
22022,0,0,0.48483501575472426
16271,1,0,0.09546950772886648
20557,0,0,0.21707992007884022
22530,0,0,0.016175082710180543
16324,0,1,0.6389412250353536
10473,1,0,0.2767681802421234
19256,0,0,0.05353284685007664
24597,0,0,0.005906644153098083
30618,1,1,0.995365311906029
23521,0,0,0.003590240948266984
10756,1,1,0.8090461194438046
8704,0,0,0.008568357314652936
2118,0,0,0.11120378408098759
14807,0,0,0.17392662816908944
4140,0,0,0.3681467840566737
18975,0,0,0.17286096245775848
2471,0,0,0.01350581361604103
25205,0,0,0.042171122020715
647,0,0,0.03270932727178114
3841,0,0,0.008374641874162052
29494,0,0,0.28757517562857515
13832,0,0,0.015737173711982577
22744,0,0,0.3155613317705348
6253,0,0,0.20479172960542621
7190,0,0,0.20498173180145915
24110,1,1,0.8569020722204667
28823,0,0,0.04651309349766877
4200,0,0,0.0004709705395874129
29120,0,0,0.07881405176026632
12372,1,1,0.9755042865917277
4472,0,1,0.511717447580749
29053,0,1,0.6801396369502332
28784,1,1,0.5966627930875786
26297,0,0,0.286169420595583
18906,0,0,0.0284839911740959
19354,1,1,0.9854115815069194
19562,0,0,0.043259762838496175
9169,0,0,0.01227339227789384
22098,0,0,0.07826320060670185
18724,1,0,0.3567669340214803
30165,0,0,0.01374284352473768
15438,0,0,0.015597764469310193
24623,1,1,0.9962426418176205
23954,0,0,0.021124434040307154
25804,0,1,0.5280295903417921
21107,1,0,0.11433301323746446
23860,0,0,0.009435395200763414
26117,0,0,0.011449646971576239
13412,0,0,0.00032232159428719685
5150,0,0,0.007411440826330623
14825,1,1,0.9869236531843318
22670,0,0,0.008614815304447935
20157,0,0,0.012810630919702635
22358,0,0,0.02584341576834207
2727,0,0,0.007522740045620888
27998,0,0,0.2687015955515277
23112,0,0,0.023518277771324786
13285,0,0,0.42371581171936956
894,1,1,0.5223450144166825
15722,0,0,0.003589349514585148
5882,0,0,0.050405965515554686
25065,0,0,0.05501273929926795
1104,1,1,0.5977941820090577
13543,0,0,0.12986333128402613
25913,0,0,0.00479041929123208
12836,0,0,0.003106221096758477
468,1,1,0.9917271496034242
23066,0,0,0.056005645340941525
3353,1,1,0.9970926692329671
23840,0,0,0.34253395165054384
16205,0,0,0.024293475979047612
28363,0,0,0.0896358270283617
22322,1,1,0.9937841379178153
8643,0,0,0.06436646167298775
25142,0,0,0.000483295738278856
9514,0,0,0.010811453347741773
4938,0,0,0.038344818111033185
5599,1,1,0.6540880592041385
7226,0,0,0.00026865857176142533
7558,0,0,0.0006722765897346448
2198,1,1,0.5874236143983665
26923,0,0,0.0016013898288328061
9449,0,0,0.0008527643450791338
29232,1,0,0.22247480404911313
17493,1,1,0.9800475122978697
11114,0,0,0.01281855970032026
31545,0,0,0.01305516260896093
27150,0,0,0.00029020648974222794
8698,0,0,0.2853990645382963
24973,0,1,0.6471560932780523
26143,0,1,0.7203260219915487
5781,0,0,0.005282584449730308
2464,0,0,0.0675796486473531
1553,0,0,0.004050576579827224
5731,0,0,0.3559634393848841
3915,1,0,0.41149260139610205
9667,0,0,0.00022183832691397956
7419,0,0,0.0007986917457740121
336,0,0,0.010322013818764948
18259,0,0,0.03513655660731662
11439,0,0,0.010168745228432429
19464,0,1,0.7629671591181703
30946,0,0,0.2879555516007491
20097,1,0,0.09422825057057327
24141,1,1,0.9842521695599751
23133,0,0,0.0007066994168713935
12910,0,0,0.4621101903300387
29382,0,0,0.08782755190605096
8359,1,0,0.11352566599833291
12966,1,1,0.6879578092296196
15189,0,0,0.00979751197461414
29449,1,0,0.4852447611602653
9526,1,1,0.7393148371070418
30345,0,0,0.019550394192726316
9769,0,0,0.02207773167920929
7493,0,0,0.03552443130265392
18519,0,0,0.002346819958280895
21433,0,0,0.019228829045584084
25784,1,1,0.9627531640768968
15002,0,0,0.16226244117538194
23705,0,0,0.04566912034498291
10808,1,1,0.9742134479467061
870,1,1,0.7372785991145437
17836,0,1,0.7384293976268365
17703,0,0,0.004531257785295747
20146,0,0,0.007199511795870833
2503,0,0,0.1190345647968774
9882,0,0,0.2245038864803268
13910,0,0,0.006942971116019477
26870,1,1,0.8336972061745533
5745,1,1,0.9959016222531822
694,0,0,0.0018302572381073074
20645,0,0,0.045901051848128205
1396,0,0,0.06637517202327771
16115,0,0,0.011617106204910466
12341,0,0,0.005716972467992046
3458,0,1,0.6218500104815412
15571,1,1,0.7025527156396393
16269,0,0,0.030095715991542756
3805,0,0,0.0005193420551968151
5041,0,0,0.006033531956180338
23756,0,0,0.0006413234386344218
29595,0,0,0.05388061053761001
624,0,0,0.008180777717988816
3587,0,0,0.023490142879850667
27578,1,0,0.42676748685503024
7157,0,0,0.2878578111840264
29349,0,0,0.3140020246707014
15444,1,1,0.9788092254111791
31565,1,1,0.7237153163165998
32185,0,0,0.06514163246070614
22233,0,0,0.21042491116224915
2480,0,1,0.5750672550566972
16142,0,0,0.004693575868738725
19507,0,0,0.1495041481590942
13222,0,0,0.0019528452104444767
25690,0,0,0.08027656879545371
25091,0,0,0.32062162259155436
15424,0,0,0.0013442275536086658
23353,1,1,0.7616902209693387
18065,0,0,0.2114351513328482
28245,0,0,0.000270572499263883
25253,0,0,0.002628322509220942
20717,0,0,0.001848084286249771
32523,0,0,0.18376744478463003
26484,0,0,0.11008639568225109
28308,0,0,0.24443470315374152
8447,0,0,0.005453783519629398
27774,0,0,0.1291049314311721
6331,0,0,0.010761724581464648
6860,1,1,0.5352466115817822
11842,0,0,0.03269991385859627
10079,1,1,0.9977717430995696
23589,0,0,0.07260184966149513
27268,1,1,0.9950276786441975
20942,0,0,0.07286528678496486
17508,0,0,0.05874933429529581
30939,1,1,0.7575216985302039
31315,0,0,0.3680135876498401
6073,0,1,0.5501715417358802
16713,1,1,0.7607217082424915
11962,0,0,0.016193897171940405
24166,0,0,0.04213068064953779
1638,1,1,0.6773451521039408
31950,1,1,0.9977729004125596
24681,0,0,0.11427573832004402
31232,1,1,0.8508202066513961
20784,0,1,0.6868956006704444
1654,1,0,0.2371740356284029
29061,0,0,0.01578454024090893
10665,0,0,0.08272205614571365
19218,0,0,0.018301123090151483
21477,1,1,0.5527299940340615
31293,0,0,0.014868878624345555
21861,0,0,0.009557852553167363
16080,0,0,0.29184687947676385
8107,0,0,0.0010098860590488637
1120,0,0,0.3827745376444425
17081,1,1,0.7504920035174539
26459,1,1,0.8141945162033001
25262,0,1,0.5135081597680716
23259,1,0,0.48377945508790604
18121,0,0,0.045490157074995236
10856,0,0,0.005858578239799295
28069,0,0,0.002843533737076349
12539,0,0,0.4216839411024002
14143,1,1,0.9601514530306265
5496,0,0,0.05102233420881553
16556,0,0,0.10965212898142228
15794,0,0,0.011883007010402678
1900,0,0,0.0015732547239782526
4924,0,0,0.0048764636916351
32373,0,0,0.045692777915469975
7134,0,0,0.02930401842675275
7829,1,1,0.6110487101548894
8685,0,0,0.049798672437908476
28954,0,0,0.13764966359365358
470,1,0,0.12385428025550445
14104,0,0,0.013719061480024877
5503,0,0,0.10396806979104467
2020,0,0,0.11380283943582131
25904,0,0,0.004742856773482173
27065,0,1,0.6644236107002005
723,1,1,0.5120173623886909
4840,0,0,0.0017207779198999242
8984,0,0,0.005621217819581403
23864,1,1,0.9900057913919341
9423,0,0,0.011456685463104584
17906,0,0,0.16815451324800681
16612,0,0,0.00136198552606967
25594,0,0,0.000922970554725502
14420,0,0,0.010227903047423314
22539,0,0,0.002421957375357276
31975,1,0,0.12666700238475562
212,0,0,0.023213049324875754
19510,0,0,0.380751425046681
29497,0,0,0.07755056545733295
9237,0,0,0.004292953597734183
24358,0,0,0.0013587032937270377
14614,0,0,0.020630416501258814
24124,0,1,0.7135443804830253
29054,0,0,0.0033612555866215613
15031,0,0,0.24030998742266454
17862,0,0,0.0027237607409200753
15910,0,0,0.0005957513298088207
6824,0,0,0.08986543996478762
28772,0,0,0.026117816266802357
3926,1,0,0.18702755997885487
21413,0,0,0.036456619072620586
10986,1,1,0.9956330394186735
17850,0,0,0.0019829082043549703
19290,0,0,0.0910446831245561
15867,1,0,0.4081230870981607
7165,0,0,0.02535559805452035
18496,0,0,0.06912726574139658
22430,0,0,0.36311018755516855
11189,1,1,0.9245030834655333
3035,1,1,0.6713766810419965
4976,0,0,0.41149260139610205
18634,0,1,0.7266898861413086
11397,0,0,0.04545595775168582
21700,0,0,0.004143038630883226
6519,0,0,0.0021249768910317317
22448,1,1,0.9858169785272916
18708,0,0,0.022123576994709196
13765,0,0,0.12366939994928834
18503,0,0,0.0003115014303607887
30843,0,0,0.057828256721894435
31420,1,1,0.9901240608013403
28211,0,0,0.14502498593170493
9211,0,0,0.004053203404042326
26056,0,0,0.07449314648600681
9053,0,0,0.021414491798578527
15295,0,0,0.034581042260095105
14251,0,0,0.0025939011076201
25372,0,0,0.0021806490050741488
7629,0,0,0.01024651351281014
24725,0,0,0.41149260139610205
22791,1,0,0.46549552568575897
24368,0,0,0.03145011995997573
27516,0,0,0.005248774863054897
7818,0,0,0.06732530906561172
23546,0,0,0.006364750241826866
31122,0,1,0.689106182724066
27080,0,0,0.005271713106518156
6759,0,0,0.3305629568353447
24396,0,0,0.0037061656324108086
20844,1,1,0.9876591018879525
4411,1,1,0.7636353676925319
2191,0,0,0.0023621947580242937
31092,0,0,0.12481120766905847
22726,0,0,0.001851825967525178
21185,0,0,0.006946166697330902
25807,0,1,0.6565251188935516
27333,0,0,0.00014776288144051429
16611,0,0,0.3556151647193498
1510,0,0,0.016481550673922953
24837,0,0,0.0007811227696658176
17454,0,0,0.4360828333481897
15482,0,0,0.42766173259085355
18286,0,0,0.0007071678885734086
27049,0,0,0.015307102706247994
18586,0,0,0.03815906063082642
16089,0,0,0.006431353223847577
23330,0,0,0.0007295080448326568
28679,1,1,0.7814396345899208
25099,0,0,0.044576018042182926
24846,0,0,0.00030400657661765114
11438,0,0,0.2076553253987897
19135,0,0,0.019968655807455587
10475,0,1,0.5135081597680716
6647,1,0,0.1277481082761568
7903,0,0,0.016591373396427068
22460,0,0,0.034782387587489735
22274,0,1,0.5948718009852269
6906,0,0,0.05344399192638105
13014,0,0,0.1183566695345865
19693,1,0,0.2962093274300229
18765,0,0,0.019281770310381637
24454,0,0,0.01137735429491805
20267,1,1,0.6463751812956917
21425,1,0,0.3104090577007719
18891,0,0,0.020547975850342428
11998,0,0,0.003616697745967172
5871,0,0,0.22337656542036197
9711,0,0,0.004917724440425657
23698,0,1,0.5699340328043409
22130,1,0,0.45642040233985776
32382,0,0,0.0007203398450576179
7279,0,0,0.03285438643696292
10787,1,1,0.5086659821580827
1319,1,1,0.6295784703939876
13162,0,0,0.013126932381052161
27181,0,0,0.01840858140040307
25879,0,0,0.29878803592104936
17042,1,0,0.41149260139610205
23197,0,0,0.03736009555367858
10935,0,0,0.005399630623828296
25494,1,0,0.46204391559383345
13605,1,0,0.3178048796673591
1320,0,0,0.005504557865106553
28251,0,0,0.05730645221904865
19919,0,0,0.11238186939546367
11611,0,0,0.005699368463596147
23702,0,0,0.15836045565567788
30029,0,0,0.0003808517760132808
19825,0,0,0.00075233823258883
746,1,1,0.9865206216352028
14167,1,1,0.7859686637229614
30984,1,1,0.958819048798422
13226,0,0,0.0267610172403101
6402,0,0,0.002048720087843709
734,0,0,0.35799085060174624
12096,0,0,0.41149260139610205
24089,1,0,0.4358977580883356
27987,0,0,0.022869684322930222
6517,1,1,0.9895212191636243
27957,0,0,0.1144871949146944
4337,0,0,0.07983677390832265
20492,0,0,0.006355046826613909
14339,0,0,0.0006722765897346448
23335,0,0,0.013466424601015943
25866,1,1,0.5037416528601217
28039,0,0,0.015083745615839287
30687,0,0,0.014906129858029665
25339,0,0,0.2561393316936417
10290,0,0,0.00026639631496322257
21328,1,1,0.5244633341414681
10895,0,0,0.006882608929971207
9426,0,1,0.5323826594876246
19948,0,0,0.26334970591237067
16672,0,0,0.045401549988389446
29376,1,1,0.9547109547792288
1025,0,0,0.28820387351754523
31816,0,0,0.22489976458204972
10395,0,0,0.0022591633251904707
22354,0,0,0.005820463810440009
26443,0,0,0.004382846316119875
15850,0,0,0.19457992812678723
29527,1,1,0.6823690275795801
19123,0,1,0.6644749222670673
26167,0,0,0.0003468261954758826
13582,0,0,0.038154180413688614
19521,0,1,0.5699340328043409
30634,0,0,0.04811800599130852
23774,1,1,0.9305606212295346
30247,0,0,0.016801468362782554
24626,1,1,0.7392034061118539
31979,0,0,0.35966480204374496
11533,0,0,0.10734336568769326
18393,0,0,0.06160956125327255
14675,0,0,0.09831332314047314
6508,0,0,0.10367518785208439
2322,0,0,0.007160472131903023
15074,0,0,0.4006766211082467
15301,0,0,0.0022279348968263293
4878,1,1,0.6524794871192383
14594,1,0,0.3644300102486136
22204,0,0,0.23969958441579234
9254,0,0,0.00018554888085958377
12051,0,0,0.002389789092021905
13975,0,0,0.033733271644068606
23177,0,0,0.00028621208025164766
13849,0,0,0.02645382074420494
21246,1,1,0.7536258384757359
19233,0,0,0.007999768381893058
20863,0,0,0.17248007751829442
13596,0,0,0.0017934167780716782
10897,0,0,0.31201856740214645
9348,0,0,0.010700846517668455
944,0,0,0.016273921693459818
18616,1,1,0.6656495709629091
26800,0,0,0.00761094038243449
15649,0,0,0.49723525020320625
25959,0,0,0.01991785370855016
15115,1,1,0.9928271208045792
7598,0,0,0.02143562743606375
16251,0,0,0.000991509029672874
6379,0,0,0.1237487380564493
25569,0,0,0.17684385254933624
19468,0,0,0.011801407987944539
19705,0,0,0.0017827806132797222
2184,1,1,0.6505606962882794
22817,0,0,0.026325140111412113
14062,0,0,0.0005098376076986566
8420,0,1,0.5536598215282226
1709,1,1,0.9851701784514977
1751,0,0,0.09296553527793826
18332,0,0,0.005703289936566841
15213,0,0,0.01314099360276201
13636,1,0,0.3601059957309272
7049,1,1,0.5662457463574396
17076,0,0,0.000909660857525634
5586,1,1,0.9974669113780351
9654,0,0,0.00030447852794799864
4290,0,0,0.34420072124919715
24763,1,1,0.6219713977311788
25806,0,0,0.0011406958968841056
23761,0,0,0.00015109615338610273
906,0,0,0.06482057401301596
12711,1,1,0.9971635046716466
22962,0,0,0.04315052701760399
26966,1,1,0.6168987200543136
16770,0,0,0.008395322896337161
32064,0,0,0.04740710234359744
9545,0,0,0.014209353478463008
26437,0,0,0.002919886059749922
27170,0,0,0.0003109036368098432
20019,1,1,0.9240156599614769
31534,0,0,0.00037089718264167606
12902,1,1,0.994747922408784
23168,1,0,0.29113035996848685
15346,1,0,0.14470339854503178
24889,0,0,0.0012944914021183157
30033,0,0,0.005103974493622067
2799,0,1,0.6480043107181196
4083,0,0,0.004696695260459523
19980,0,0,0.086893859391465
11604,0,0,0.013401776164458002
13347,1,0,0.30725662361583883
6393,0,0,0.004930163159135755
24616,1,1,0.8523389775433955
16855,0,0,0.19593226807453437
13236,1,1,0.5749755441186095
6127,0,1,0.5273215813092315
17563,0,0,0.09181628209463334
6588,1,0,0.0073514049429707325
5109,0,0,0.0014270883212292279
12803,0,0,0.019393975546982165
30727,1,1,0.9925139031533322
27028,0,0,0.03458547387374874
14267,0,1,0.8013929303383732
17251,0,0,0.0004959000965559541
6697,0,0,0.44621666167774415
24527,0,0,0.3710053383184276
2424,0,0,0.05730676614065885
20427,0,0,0.12158853424014271
999,1,1,0.9981588085653218
25742,0,0,0.00441302299619348
21715,0,0,0.4546833764485331
5616,0,0,0.009731211134331815
31317,0,0,0.033612997058021614
25120,1,1,0.9809834022609225
4968,0,0,0.0008230534598186382
12318,1,0,0.19222687379273817
11291,0,0,0.01942214861865315
22604,0,0,0.001195183297830927
3222,0,0,0.009591131517325796
1121,0,0,0.34781780100219933
532,0,0,0.11051725322673783
6579,1,0,0.18610091355046787
4906,0,0,0.01974534940243114
13155,0,0,0.24168952014003417
21661,0,0,0.08429408119947197
9598,0,0,0.08853331074046256
10668,0,0,0.001407110415849065
15669,0,0,0.013880744189038336
6251,0,0,0.10267181528928104
14449,0,0,0.15740037276930463
25572,0,0,0.005669222833035671
31877,0,1,0.612426753930742
23247,1,1,0.9952781284975835
29629,0,0,0.036275956420254406
10413,0,0,0.06508851783684046
17608,0,0,0.009133540644577135
21775,0,0,0.0005519009564705746
31671,0,0,0.268978904371349
20598,1,0,0.3350107899861288
8277,1,0,0.4165008692944294
3723,1,1,0.5798464632713807
14187,1,1,0.8197089771448708
3785,0,0,0.0014492512472773914
5671,0,0,0.4791343529436036
4807,1,1,0.6717119299493827
29841,0,0,0.046618623733476285
8048,0,0,0.4781711025559225
6357,1,0,0.49747720776321885
9310,0,0,0.002873024643397814
15843,0,0,0.01692668573824708
26169,0,0,0.19825327385250346
17942,0,0,0.1682694340850693
17383,0,0,0.009923561270369453
6695,1,0,0.41149260139610205
24905,0,0,0.00035478016824162995
25887,0,0,0.00029814601386583996
15200,0,0,0.0004286408006011448
31802,0,0,0.00767906652591453
22297,0,0,0.04192686632221823
27640,0,0,0.0024664087604113947
31207,1,1,0.9816675908248155
4509,0,0,0.0003194956079335923
22437,1,1,0.9901609166874131
26487,0,0,0.026280984797641477
20651,0,0,0.003880723899039869
12029,0,0,0.006934933237861776
12183,0,0,0.008643211067397958
29411,0,0,0.3148308652851683
17697,0,0,0.014661717822920592
14054,0,0,0.0014219571611502892
2536,0,0,0.004736543850570515
9675,0,0,0.2260943460031415
30096,0,0,0.18376744478463003
20706,0,0,0.05013458395371051
24831,0,0,0.012787851366003683
30394,0,0,0.05476263880360854
9988,0,0,0.04264273051066373
18292,0,0,0.008395776651196469
9164,1,1,0.9631152998950046
4929,0,0,0.0035567438477882214
5735,0,0,0.03237528150775156
10432,0,0,0.006782496517867008
22693,1,1,0.9973760530356373
19725,0,0,0.0031161838109984435
8355,0,0,0.006425181607385313
12097,0,0,0.06339561481493267
3772,0,1,0.5203412547243645
6068,0,0,0.2577235634777582
4739,0,0,0.02633915484389074
21310,1,0,0.48445340278983545
2914,0,0,0.0027053313550676537
19984,0,0,0.0009218551270348363
17084,0,0,0.0032193281342909976
9093,0,0,0.22816198049603997
10147,1,0,0.48463100325653247
25192,0,0,0.009222421950936347
4979,0,0,0.004840225883260857
27584,0,0,0.009702127968532316
25270,0,0,0.07714781220417806
9907,0,0,0.04043696690739146
21237,0,0,0.011101426699141636
21380,1,1,0.8154838853854178
27556,0,0,0.008872135195913488
10670,1,1,0.9393364039075189
14823,0,0,0.09449646099971916
32436,0,0,0.014677476673827863
21302,1,0,0.36074145908533534
29005,0,0,0.04093752040767596
7637,0,0,0.0006007485456599669
12742,1,1,0.9557255356718178
19815,0,0,0.24664335881851937
13233,1,0,0.4842981330512142
7938,0,0,0.0026942242905264122
5326,0,0,0.023772430449771384
20218,0,0,0.1301734505091249
6868,1,0,0.032991025641998746
20168,0,0,0.0043210200065228735
18737,0,0,0.025918289518576856
24711,0,0,0.0025299777214236345
5499,0,0,0.2036798953359019
14775,0,0,0.1893495316782986
8739,1,1,0.9977199962342297
23955,1,1,0.997230212842469
28665,0,0,0.0014224846995030498
13228,1,1,0.8022418617574644
3232,0,0,0.023949908690087007
7867,0,0,0.16257693940640086
4177,1,1,0.9853367933612658
28068,1,0,0.45948533134945596
17307,0,0,0.02466418653472371
21898,0,0,0.011151264240823744
10087,0,0,0.2755932458258277
11712,0,0,0.41149260139610205
14909,0,0,0.09583606741382612
24717,1,0,0.4390434066511633
10362,1,0,0.3359288998868683
7533,0,0,0.03374231122236118
24159,0,0,0.2705771517069567
12838,0,0,0.00454149368708021
5851,0,0,0.0018415562688272596
21071,0,0,0.4701288107742087
32531,0,0,0.006999430306170842
244,0,0,0.009077624337366887
11997,0,0,0.014530378932274811
22197,0,0,0.004193962380129241
13655,1,1,0.9669772059219847
28022,0,0,0.4873033951790493
12228,1,1,0.9967385323268628
28111,0,0,0.22877682355920995
11688,0,0,0.0202719649102631
6088,0,0,0.005699745718866421
26462,0,0,0.1946483513232806
5069,0,0,0.0006428063066008176
30928,1,0,0.033357076858485366
8614,0,0,0.0009087096357785662
5552,0,0,0.27760184476877514
9876,0,0,0.03519780661866268
15516,0,0,0.004143038630883226
12597,0,0,0.21126824271209968
2398,0,0,0.0004109643770434995
2860,1,1,0.7255928634270833
31725,1,0,0.39811283241153417
15153,0,0,0.09422825057057327
23142,0,0,0.02351319317989894
5434,1,0,0.23920448192275368
13500,1,1,0.9963809220736625
1302,1,0,0.4162183522083256
32274,1,0,0.4061000726277644
9369,1,1,0.7226088607951985
12350,1,1,0.7347066135870665
23436,0,0,0.02165289646343535
31970,1,0,0.412222540113054
30317,0,1,0.7853068845321824
16768,0,0,0.034936315381800725
24985,0,0,0.05445462162669567
21554,0,0,0.2112274256306613
10758,0,0,0.1334655041885161
11988,0,0,0.002010220708647864
30714,1,1,0.9809107598405354
31113,0,0,0.10722062190844965
31447,1,0,0.18717174692015268
28261,0,0,0.3614904284889502
32086,1,1,0.716745780665005
4801,0,0,0.14213196825405686
7363,0,0,0.010822613735144038
6994,0,0,0.13293461659734382
5468,0,0,0.04487719959022806
11882,0,0,0.24972375977401073
25561,1,0,0.06756368341031099
31050,0,1,0.6551383049611897
9741,0,0,0.02495749266154314
24926,0,0,0.006014102675515419
29196,0,0,0.0028921045363262438
17388,0,0,0.15132477744591652
13373,0,0,0.1539372156897937
1816,0,1,0.9031357844092843
16222,0,0,0.14092030424151392
21958,0,0,0.033703686696895996
13821,0,0,0.04694583430772831
23556,1,1,0.8061917813957719
32190,0,0,0.00517114041233313
26851,0,0,0.04690747414602181
15617,0,0,0.030797559723001484
24814,0,0,0.001554029916949626
27297,1,1,0.7532053127184649
31162,0,0,0.004254232928419729
10927,0,0,0.14827499565862579
27116,0,0,0.15334173339431909
5666,1,1,0.5762252563919779
31279,1,0,0.3282017255703282
29727,0,0,0.0311078906265175
27466,0,0,0.008328943712789052
31636,0,0,0.0002687739119381015
29715,0,0,0.007280136723665588
22574,0,0,0.014665072831500038
29671,0,0,0.037487925689228825
20687,0,0,0.12684557213574219
4724,0,0,0.02430768410385443
4048,0,0,0.221209479346301
8050,0,0,0.22284716499448767
17003,0,0,0.0014224846995030498
7471,0,1,0.6269036393625456
14554,0,1,0.7741993041880191
7937,0,0,0.03896128598343602
12527,1,0,0.16687371343882448
29889,0,0,0.07329594641939492
27551,0,0,0.011890541836148585
25943,0,0,0.017066404596842038
8334,0,0,0.011936039944132566
13591,0,0,0.02812897961248346
19281,0,0,0.000586618512380852
14195,0,0,0.004055096674181032
15293,0,0,0.2416361522615286
30511,0,0,0.2532428289709032
7373,0,0,0.02422432841379397
2832,1,0,0.41900623588203917
5655,1,0,0.30220002114787986
32443,0,0,0.18221034568023287
24892,1,1,0.7373485769622484
30815,0,0,0.05686873638532991
863,0,1,0.5120106378978507
15092,0,0,0.30311371267561504
4361,0,0,0.14452901335950807
25204,0,0,0.05912025292307916
14873,0,1,0.6522864290915199
12916,1,1,0.5674833094742319
250,1,1,0.7509116309320056
21964,1,1,0.752991947177434
8816,0,0,0.013434660598160474
30356,0,0,0.012994692605409553
29762,1,0,0.4213241079169087
25744,0,0,0.001989717426977553
16018,0,0,0.04673656639224475
17913,0,0,0.1896982828052002
28589,0,0,0.027789698990936713
21146,0,0,0.0304102415676908
16778,0,0,0.13443087653996724
29784,0,1,0.6303183582937073
25877,1,0,0.38734377767137745
2342,0,0,0.001132315286388967
16795,0,0,0.4467848578936939
14045,0,0,0.07547394760612519
3548,0,0,0.015199814637202005
3136,0,0,0.0542327349676992
14156,0,0,0.004595981391609562
29533,0,0,0.4900040504329119
22631,0,0,0.029383807581489743
12509,0,1,0.6151140561606606
20005,0,1,0.768383911012141
3225,1,1,0.9205296476424522
23770,0,0,0.008632383654244343
29370,0,0,0.0006722765897346448
20441,0,0,0.062383973710056995
11324,1,1,0.8102004074753139
12513,0,0,0.01080908674549697
8474,1,1,0.9918044060425882
22808,0,0,0.03498142134130911
25940,0,0,0.04697770397320331
7684,0,0,0.01916493082671907
20028,0,0,0.000340475398653773
30749,0,0,0.002801558108574002
10559,0,0,0.22912581997542394
1732,0,0,0.00868117031646051
17637,1,1,0.974258265548615
17518,0,0,0.04339606728705072
17067,0,0,0.0007453021376567247
31037,0,0,0.4835630469782286
4358,0,0,0.036505116498004905
6097,0,0,0.05242318155534804
28456,0,0,0.002295039790810159
27069,0,0,0.0003427284104932095
29913,1,1,0.9970681951526584
2421,0,0,0.04233040149777439
25316,0,0,0.18399625850676551
25554,0,0,0.002359613328968158
1005,0,1,0.6046399625619592
5237,0,0,0.042179607908270834
30889,0,0,0.0012721039019888028
4417,1,1,0.5177968508801974
10066,0,0,0.37792716443914215
6556,0,0,0.0008238556555934482
13366,0,0,0.016499471702043807
31205,1,0,0.3570129371263973
26151,0,0,0.018478746944836585
15993,0,0,0.0010122641386531757
21345,0,0,0.0010290402897511811
29393,0,0,0.01782605078758619
24384,0,0,0.13928535166769881
11464,1,0,0.14322464431337056
29351,0,0,0.010796897877946294
29269,0,0,0.004164234705734558
19104,0,0,0.02730456174273226
10860,0,0,0.0039010631508597893
17557,0,0,0.009830495876540049
1181,1,0,0.3590323731630903
29330,1,1,0.894016967521547
22291,0,0,0.023675943822038165
24240,0,0,0.01954629670170743
2417,0,0,0.0031161838109984435
2749,0,0,0.0002583906101971572
7228,0,0,0.08187682331139358
27244,0,0,0.35913939171444104
1216,1,1,0.9932488902669467
4701,0,0,0.007732032867183626
208,1,1,0.9912309434954537
6518,0,0,0.19828420436538877
14013,0,0,0.0003444015680949004
23489,1,1,0.5330447725798392
17979,0,1,0.6089235877444986
2049,0,0,0.021745422246232635
14325,1,1,0.9807530122595987
219,0,0,0.00653496702409169
20514,1,1,0.5904676174696424
22672,0,0,0.000952323036049528
24184,1,0,0.3382410271096812
18578,1,1,0.8008754062534131
2648,0,0,0.00425739362910061
14472,0,0,0.3221551882889908
8376,0,0,0.012675850724221014
5688,0,0,0.17370428948630545
23073,0,0,0.04543841312155202
28938,0,0,0.012105580691542439
4060,1,1,0.7241915767366582
1259,0,0,0.02089914869605436
15216,0,0,0.28565784117676635
10562,0,0,0.1423534321645545
17348,0,0,0.019994288049691982
10834,0,0,0.001989641738954388
9956,1,0,0.2008157489659491
30471,0,0,0.008206511811770699
14446,0,0,0.0011083008092560808
8128,0,0,0.013681600338371331
14951,1,1,0.5983534723990599
25358,0,0,0.02058125436932538
15847,0,0,0.012972982174070597
27039,0,0,0.005838124969689177
31957,0,0,0.04914920049411423
21990,0,0,0.0076428815068928955
23527,0,0,0.01430840708654206
15439,0,0,0.005792507244537676
28953,0,0,0.07672014864875083
26816,0,0,0.020062870728876987
8251,0,0,0.001473203799426482
14454,0,0,0.011695456921042452
4923,0,0,0.029422610998596433
20696,0,0,0.41426615447721865
26381,0,1,0.6218500104815412
24820,1,1,0.7283444589492185
10489,0,0,0.009797255827926985
23490,1,1,0.9984078534819268
5954,0,0,0.41149260139610205
14056,0,1,0.5183196040812209
27377,0,0,0.00941687761542217
568,0,0,0.013661175784805147
5857,0,0,0.0005907543200311423
474,0,0,0.0052337061105701375
15089,1,1,0.6143703514093065
31693,0,0,0.004390989094125392
13466,0,0,0.01022417972077573
19988,0,0,0.021079801005950055
10012,0,0,0.030574449573907564
26716,0,0,0.021341758924307952
32319,0,0,0.11150408269407207
21711,0,0,0.061651416938186876
3688,0,0,0.04811007347166516
7724,0,1,0.5714738052081221
15475,1,1,0.9593838333812362
26425,1,1,0.9923360280651181
24917,0,0,0.006010308671946386
28622,0,0,0.03399128781571237
28087,0,0,0.05761047678183346
266,0,0,0.0005528142764033693
18722,0,0,0.03031163707246202
15680,0,0,0.37149146216954526
10720,0,0,0.00033961341937209657
30663,1,1,0.5230989756410144
15332,0,0,0.04197732055404344
27559,0,0,0.003936174507291814
559,0,0,0.018730623071193248
1620,1,0,0.4240831492220012
12857,0,0,0.026569153968294085
14034,0,0,0.023123467071572004
32009,0,1,0.6845679730336541
19937,0,0,0.008154370008032076
8372,0,0,0.25780383980659105
28544,1,1,0.7751562884038666
6305,0,0,0.1445615598069251
24168,0,0,0.05418056182925776
2545,0,0,0.0778722089571723
2697,0,0,0.49416094551153167
17837,0,0,0.04374246066678675
18581,0,0,0.0017240405647277479
21420,1,1,0.8316340715859614
11023,1,1,0.6185186812550729
9788,0,0,0.4467848578936939
8647,0,0,0.017453897914040572
18923,1,0,0.1780780308897509
12906,0,0,0.017856414195828025
21634,0,0,0.017033046532705497
21589,1,1,0.5292802938249218
16362,0,0,0.03716502320132273
25922,0,0,0.0006724208210362285
27096,0,0,0.4200295074637037
12319,0,0,0.2860345482453981
14418,0,0,0.006856728879020113
2910,0,0,0.0016387616247040063
14059,0,0,0.29460293561999534
32411,0,0,0.10809472476435827
1046,0,0,0.018893921646639004
678,0,0,0.04545595775168582
12684,1,1,0.9921953923948911
15195,0,0,0.11862002303936481
10839,1,1,0.5457257843671046
13808,1,1,0.9972715095374917
16799,1,1,0.5088951547996351
592,1,0,0.0726573657288066
14795,0,1,0.5974898388435594
30023,0,1,0.5231741105539833
1818,0,0,0.37829201385535
25741,0,0,0.0014327805345735578
30162,0,0,0.010702667572424551
14688,0,0,0.2604084267655713
31656,0,0,0.01024416541087042
4658,0,0,0.0013377489796783512
29193,0,0,0.014681872195782856
9486,0,0,0.12723002327505165
16920,0,0,0.014643777538305707
1123,0,1,0.6676243896956056
1728,1,1,0.749656971461067
7168,0,0,0.011956572360752553
23861,0,0,0.41170885266303037
25662,0,0,0.015996132410358396
29109,0,0,0.4481702506691243
3042,0,0,0.16770788177175408
28238,1,1,0.9705984752662605
13770,0,0,0.35959896705271976
5892,0,0,0.08441562966047493
29723,1,1,0.9922465800853285
31530,0,0,0.005983290392028822
17257,1,1,0.8976023049849166
23901,1,1,0.6682807584483902
27886,0,0,0.11511150910544214
30510,0,0,0.0027957911758767543
31529,0,1,0.6746430407562819
6034,1,0,0.28757517562857515
4532,0,0,0.009355739299414864
24097,0,0,0.14093251721643982
19682,1,0,0.35153573352687667
30783,0,0,0.19421781742279953
17500,0,0,0.0005471945370765808
21048,0,0,0.0002855557069909865
11365,0,0,0.0017916577426883025
17716,0,0,0.00019414613959088507
28895,0,0,0.0015014578552549687
12092,0,0,0.0702686520205002
23716,0,0,0.09916386830008485
28891,0,0,0.00029274052119707345
25492,0,0,0.00874625743534733
23734,0,1,0.6305018246895463
16494,1,1,0.7313090954985766
18710,0,0,0.006919148665183088
20182,0,0,0.38647846299242433
15564,0,0,0.028963548341907692
2107,0,0,0.0013643812080623076
18517,0,0,0.04131900537490873
29436,0,0,0.003104476102134652
13746,0,0,0.09089168901489142
14030,0,0,0.2442749506693338
5061,1,0,0.35504898963219805
22237,0,0,0.00026341499687507474
16527,0,0,0.004545786728771216
18353,0,1,0.5432998900140885
32047,0,0,0.00019216624714862854
2941,1,0,0.3833759924677114
29106,0,0,0.0006383095933953535
25426,0,0,0.41307079550311604
13171,1,0,0.3741503091199097
18879,1,1,0.8330466639851642
9134,0,0,0.06107436932948824
13621,0,0,0.00032528736018128194
8528,0,0,0.0009628243897051676
21627,0,0,0.24563384148058498
2338,0,0,0.0015951827943653356
4728,0,0,0.006467683001005031
16728,0,0,0.015653431081932633
16027,0,0,0.024088390868776694
7461,0,0,0.013055733404470157
21559,0,0,0.014427673595658866
26013,0,1,0.5338388446646533
10651,0,0,0.008700386203479274
10888,1,1,0.8216733149562337
29206,0,1,0.8093383325149799
9749,1,1,0.9920293129627876
31525,0,0,0.07348806541245012
15542,0,0,0.025867137648517585
30070,0,0,0.08561497153467747
13223,1,1,0.7977677645548633
4432,0,0,0.03886019591911314
11810,1,0,0.29264949522005274
12993,0,0,0.002827881877348172
18370,0,0,0.41657262664337297
7578,0,0,0.05591906279663535
3703,0,0,0.016407142963167667
5704,0,0,0.0915043465846153
17815,0,1,0.5302671753034472
18679,0,1,0.6242163845008988
27469,0,0,0.0005753648728105632
25589,1,1,0.6253275801680259
27124,0,1,0.6112662135324815
9172,0,0,0.021859576939614007
14541,1,1,0.6873064234239049
12807,0,0,0.0633586239671078
20544,0,0,0.08459305226142161
17145,0,0,0.0011384969823612923
8932,0,0,0.006750750933645081
20271,0,0,0.005381345276490077
34,0,0,0.006402191577297489
8990,0,0,0.0010721903979067683
20904,0,0,0.4701228582628279
28280,1,0,0.3060320095614035
8327,0,0,0.003963894130686272
31737,0,0,0.0011948302124557397
12276,0,0,0.0012061610448743222
17805,1,0,0.09629514311062404
2058,0,0,0.00033961341937209657
31423,0,0,0.2743115024564076
477,0,0,0.0009806715386359672
31761,1,0,0.4601521567756756
25624,0,0,0.15772747645636398
11726,0,0,0.3517235984324573
2980,1,0,0.38719742099135307
31592,0,1,0.7939538838818487
24247,0,0,0.012859035123534689
12988,0,0,0.0004213666704927102
15373,0,0,0.005154860899692137
19950,0,0,0.02685945108350632
6290,0,0,0.00024205258589210204
4167,0,0,0.2716381337523533
25132,1,1,0.7300038858044867
31119,0,0,0.001958299874516695
19897,0,0,0.024979705669100738
2436,0,0,0.009007191679886983
16299,0,0,0.01871086833290915
29486,0,0,0.0004998759897887106
32378,0,0,0.0036789437557299084
10269,0,0,0.015152699293224528
22013,0,0,0.22247480404911313
7224,0,0,0.0023739052683071815
14577,0,0,0.0827335084257337
9322,0,0,0.15634798780936904
19928,0,0,0.23743403566324858
631,0,0,0.003527967034363795
12772,0,0,0.108188648414491
12598,1,1,0.9978471417779732
2163,0,1,0.5462157039037471
10907,1,1,0.7813110795559025
2629,0,0,0.4601521567756756
20140,0,0,0.013437266196849984
32308,0,0,0.0937571432926062
5557,0,0,0.03715310414398125
18004,0,0,0.01021765946261912
16005,0,0,0.01738780719494623
26608,0,0,0.0958845730917736
28242,0,0,0.29878803592104936
444,0,0,0.0029443451804917076
10370,0,0,0.05901529483376786
18613,0,0,0.024185537610492868
2911,0,0,0.003907197374949353
24260,0,0,0.02609113563672874
281,1,1,0.9329882369515249
22162,1,1,0.6857689549601526
31294,0,0,0.21736279435632236
31086,0,0,0.00778370764693065
1034,0,0,0.010546511326185165
27091,0,0,0.3549134113742591
15330,0,0,0.0043793794065574545
11838,1,1,0.8080991195103802
25244,1,1,0.9977164056531804
7097,0,1,0.7782890015160584
18851,1,0,0.43752647740715994
12400,0,0,0.0005563683364245048
26021,1,0,0.28714520819901923
2795,0,0,0.0053009504584344965
13208,0,0,0.16907807766861435
9016,0,0,0.009139807049009803
27937,1,1,0.8044373567147779
24972,0,0,0.06487832554294483
29859,0,0,0.46514283831442116
2310,0,0,0.029920862748753746
22269,0,0,0.0004145805883768898
1348,1,1,0.6079451945229265
1458,0,0,0.013756793753519727
19768,1,1,0.9636742935853609
11128,0,0,0.0012082373118778745
30924,0,0,0.02168286352554598
25578,0,0,0.010703930153652652
31080,0,0,0.000598973804799914
23592,0,0,0.10486186316590462
4458,0,0,0.03487695317312828
1445,0,1,0.5213171930726834
15229,0,0,0.2595722221781434
21334,1,1,0.7344706749730374
30160,0,0,0.008288415446298701
1106,0,0,0.30467023664517323
26304,0,0,0.05717628257881677
25800,1,1,0.6271131942402427
18857,0,0,0.10183808176848048
3252,1,0,0.11204532821493973
21233,0,0,0.0002795916420108053
18395,0,0,0.4815413065398327
29092,1,1,0.5399040758930298
7003,0,0,0.005428591631152232
10910,1,0,0.04898781882325925
9601,0,0,0.0026537734591941344
6030,1,1,0.9747489499365742
25548,0,0,0.01972190051961526
21577,1,1,0.6927813946105057
19990,1,0,0.1635486928893626
5772,0,0,0.041429871668449685
16901,0,0,0.0005577028956750665
19644,0,0,0.046145586055631564
14605,0,0,0.026698458961036554
2829,1,1,0.7313239386902598
20229,0,0,0.002020896109389712
18959,0,0,0.006743120032061804
2744,1,1,0.9945077773033743
4252,0,0,0.07889628624318508
10749,1,1,0.6462430233611157
9281,0,0,0.10564379200990211
28687,1,0,0.42141522224761035
26257,0,0,0.16446150334029633
12496,0,0,0.165007246693918
840,0,0,0.00023583907846701574
30112,0,0,0.10563696104113739
4760,0,0,0.3346884096844114
22612,0,0,0.0015486133694702614
30873,0,0,0.03315648403073298
3317,1,1,0.9959088931119542
1437,1,1,0.6453718759625279
6148,0,0,0.1271459681340619
6241,0,0,0.08129506382865077
29967,0,0,0.11728621211470548
6087,0,0,0.3506625407680028
4147,0,0,0.35840283205525747
12970,0,0,0.31194456582547603
3086,0,0,0.04159242623265263
23270,1,1,0.5661075687253021
18201,0,0,0.003165871733830858
18303,0,0,0.0009419169701014628
4131,1,1,0.9729932010026352
5403,1,1,0.6013938704052568
23129,0,0,0.0020014393703313964
19916,1,1,0.9931343373272852
25601,0,0,0.020969001512398024
18513,0,0,0.49745488324646514
25417,0,1,0.6796184416845558
8523,1,0,0.471741966671064
3667,0,0,0.28219622763069224
16247,0,0,0.004140380187719702
3876,0,0,0.06956415733325816
7531,0,0,0.02184746764737831
20149,0,0,0.100325853601085
9411,0,1,0.5695839046454253
22717,1,1,0.5472163362653033
31112,0,0,0.0005828605467979218
262,0,0,0.00035074287294289285
25121,0,0,0.00794991828356995
31890,0,0,0.07847112300439979
29707,0,1,0.6123662744293036
3943,0,0,0.009584900488535037
22669,1,1,0.7749296699842834
12536,1,1,0.6037617991594235
17627,0,0,0.021129790399787685
15427,0,0,0.07895580928046694
10588,0,0,0.027654480016582605
26492,0,0,0.014652265521021753
31339,1,1,0.6942411096788822
22440,0,0,0.24684534885183554
10919,0,0,0.05527935583077797
24729,1,1,0.9921287875588666
9151,0,0,0.0017703743062267919
8232,1,1,0.714572220904782
12317,0,0,0.04152262925135766
13545,0,0,0.010437704546494
29332,0,0,0.19606690018954523
29546,1,0,0.47208301501056993
4155,0,0,0.0021415151856329175
26353,1,0,0.1421304865296569
2729,0,0,0.0008506129766572084
20994,0,0,0.49763257255034526
4864,0,0,0.00018808789952239977
19016,1,1,0.9965368016916211
1588,0,0,0.0007495054156952317
13364,0,0,0.0011948302124557397
11265,0,0,0.008922348272967855
9580,0,0,0.008917009821337519
31020,1,1,0.7688621763387107
4512,0,0,0.028714108985965252
11296,0,0,0.16293325712384255
6105,0,0,0.005287981826926236
7885,0,0,0.0031116818909330927
4272,0,0,0.0017659913060774745
6732,0,0,0.0052641463565462066
31557,0,0,0.024375544876777844
15658,1,1,0.9994435555548679
5559,0,0,0.014582670353578554
11953,1,1,0.5510510225253363
24518,1,1,0.7175935156189354
6344,0,0,0.0019574676297632455
15818,0,0,0.07695702072243392
19063,1,1,0.5829365218707733
155,0,0,0.4601521567756756
29458,0,0,0.2962093274300229
31008,0,0,0.16271993518454744
20907,0,0,0.0043076033989291945
15044,0,0,0.023812432198211626
3457,0,0,0.0008472287292401567
31361,0,0,0.41149260139610205
27521,0,0,0.010472998969073097
21859,0,0,0.005617256254602104
21505,0,0,0.016491789059228566
1415,0,0,0.04774077107988539
2120,0,0,0.47755781022205207
308,1,0,0.37992078873422525
1262,0,0,0.026648679169761696
16959,1,0,0.47952374182158647
24924,0,0,0.10578223323878351
25923,0,0,0.044421878145311344
2391,0,0,0.042015568270736055
20886,0,0,0.0004928740541973326
27272,0,0,0.11464278574477903
20380,0,0,0.06368366138542801
1517,0,0,0.19512734544335428
31562,0,0,0.04705101937874112
349,0,0,0.025390452151707304
27159,0,0,0.06591384265342697
572,0,0,0.0002486534783513337
31916,1,1,0.5890061611026991
2031,1,1,0.9595827352539347
716,0,0,0.18919770104770517
13343,1,0,0.4722945078781513
14191,0,0,0.002029173636597876
30235,0,0,0.014600483635932379
25965,0,0,0.00703481338409236
10045,0,0,0.006637712475131029
12488,0,0,0.008721126645327277
6244,0,0,0.0014849252374743943
32341,0,1,0.571314269705015
15560,0,0,0.4226284656228135
896,0,0,0.2014563286354206
26452,0,0,0.0045521390036001716
7835,1,1,0.626810231015299
2550,0,0,0.0009718376067260493
18876,0,0,0.03697044176164702
19330,0,0,0.030181165598512864
932,0,0,0.08306084276740971
30764,0,0,0.006507924543220356
23199,0,0,0.060769621236704145
4008,1,0,0.2175821011730444
6648,0,0,0.004423738807434428
7324,0,0,0.11035907520786575
18817,1,1,0.6372664641540933
16809,0,0,0.0022116458167219517
31878,0,0,0.022649614271409366
14796,0,0,0.009482991706306933
8008,0,0,0.049085762738189986
30919,1,1,0.5346349884810345
24483,0,0,0.1319128657937089
21179,1,1,0.998749742631456
15234,0,0,0.3837248904615937
19752,0,0,0.4035697562526999
5540,1,1,0.6839110170201211
12698,0,0,0.0012842615819756574
27372,0,0,0.3397363975561604
24505,0,0,0.004810576026706328
29633,1,0,0.32150562669396526
28906,1,1,0.9958825234519262
5588,0,0,0.024264174230147827
10344,1,0,0.2062572985497649
14478,0,0,0.10811726862637054
5686,1,0,0.4882762153046905
736,0,0,0.02081663681788155
20650,1,1,0.6157493884051967
28383,0,0,0.17132393799170212
25669,0,0,0.022422260908528512
32456,1,1,0.7662220723862295
30977,1,0,0.24151608636641778
10871,0,0,0.11579850696784096
14222,0,0,7.222435905191275e-05
24997,1,1,0.8431308766106356
23237,0,0,0.023538932152753347
5310,0,0,0.2550996592925605
28571,0,0,0.0010059363459671198
14700,0,0,0.024494477799478043
7806,0,1,0.6128570392544727
14494,0,0,0.021840150332555805
29322,0,0,0.0008088298493125642
26291,0,0,0.05290883541695098
16961,0,0,0.016331660004691353
11573,1,1,0.7886767742115278
3118,0,0,0.00158871904566311
2599,1,0,0.4003472780996024
11427,0,0,0.0025981551684149517
2770,0,0,0.01869222909557118
11695,0,0,0.04541312673547595
1341,0,0,0.2123784816487846
23687,0,0,0.11568549455072102
30773,0,0,0.0005324670153935234
11376,0,0,0.000931208483643581
7319,0,0,0.003960114873337622
16428,0,0,0.18361476418157543
31114,1,1,0.7475008145656963
32310,1,1,0.6677811445347608
30806,0,0,0.4527715849402137
19216,1,0,0.22525088128472237
28912,0,0,0.014848578601993907
27922,1,1,0.6434486043802159
3619,0,0,0.26416356190239404
17745,0,0,0.008189998924917926
213,0,0,0.44687752167846617
26719,0,0,0.1496116775652401
31610,0,0,0.3971464546421825
4605,0,0,0.0016973807147675117
28788,0,1,0.5079113248522882
17453,0,0,0.003674733499242019
149,0,0,0.03344097573428564
17424,0,0,0.016763914473017758
31892,1,0,0.1634442782886241
8939,0,0,0.04088724592266432
29968,1,1,0.6463035941113394
23430,0,0,0.0017323093369303452
20762,0,0,0.0018288013989906744
2654,0,1,0.6475011093445625
17,0,0,0.006880475005420772
6696,0,1,0.7143726338666694
10515,0,0,0.14084008826712482
20254,0,0,0.01726088986711423
5652,0,0,0.014327857112268548
8360,0,0,0.17149632710301485
10312,0,0,0.008632383654244343
589,0,0,0.4004023053431962
6821,1,1,0.6991032902938933
23012,0,0,0.0932096507501489
2406,1,1,0.6490969930116458
20615,0,0,0.33215164489887655
15466,0,0,0.031741565805366107
16705,0,0,0.0003779068394415984
12840,0,0,0.000585143231034813
17155,0,0,0.009045951566932463
9101,0,0,0.021385616377401013
13351,0,0,0.012059721704669095
1823,0,0,0.0011260635851493657
10456,1,1,0.8431308766106356
8235,1,1,0.747298660794662
10144,0,0,0.4780252336177005
7616,0,0,0.0059220666057475495
8915,0,0,0.4073453346837869
467,0,0,0.3673078584627036
21023,0,0,0.017090792940503516
27468,0,0,0.039864246923918656
20092,0,0,0.3737846791030182
10795,0,1,0.6995051883213655
2568,0,0,0.016118157677778674
13444,0,0,0.014475460883887353
25794,1,0,0.44882404156106276
14430,0,0,0.436996485844144
17645,0,1,0.6685950719944008
2760,0,0,0.1611882695637061
29151,0,0,0.026642637558588422
10911,0,0,0.019332827959330185
9039,1,1,0.9981762850330017
21532,0,0,0.24375773697314154
14845,0,0,0.001994041249787712
31245,1,0,0.42049646417455505
12482,1,1,0.9603804231862489
23175,1,1,0.8469535350176853
14679,1,0,0.14146568090880754
8142,1,1,0.9865613860814956
5765,1,0,0.4981177940737185
15192,0,0,0.015377099911174712
22059,1,0,0.26194119380590425
20471,0,0,0.0575727553882896
20185,0,0,0.07880604108695108
20666,0,0,0.06972117539933553
30271,0,0,0.32311486425225544
16733,0,0,0.009352942180942682
14370,0,0,0.00731440620956294
15448,0,0,0.011198199733244424
23449,1,1,0.6269747079240663
7072,0,1,0.6490969930116458
7075,0,0,0.002659373173959013
18435,0,0,0.3712055029865034
12968,0,0,0.0018399972177958798
31684,0,0,0.4529493336685763
8379,0,0,0.08522023080659206
28372,0,0,0.3500510910925076
11044,0,0,0.013027050724391689
18999,0,0,0.2175821011730444
8724,0,0,0.24326284492244046
941,0,0,0.14701941145714761
9949,0,0,0.23941939480858165
502,0,0,0.4943278716892376
27135,0,0,0.014048723195198726
4443,1,0,0.4347292667488882
17585,0,0,0.09426773270873796
24031,0,0,0.0015804997564958223
28878,0,0,0.49089357838917363
8197,0,0,0.018731899627688276
9735,0,0,0.00599962450320761
12983,0,0,0.0018498526126090986
2528,0,0,0.4792431810576647
711,0,0,0.010110310406138865
18666,0,1,0.7267760159757722
19448,0,0,0.04078582121457688
26456,0,0,0.2639551262792184
31559,1,0,0.16162559329649873
26366,0,0,0.0474668120116555
23389,1,1,0.5755681159704489
20775,0,0,0.04025404437294682
28750,0,0,0.01599166037227533
26773,0,0,0.03763912370268515
30565,0,1,0.5072344531979135
29696,1,1,0.6333748958196369
19298,0,0,0.008522018507505452
9644,0,0,0.46960321071198646
16121,0,0,0.29878803592104936
24499,1,1,0.9885592106544938
28563,0,0,0.13157738161610458
25604,0,0,0.00711067606417825
369,0,0,0.02165289646343535
23089,0,0,0.07451295348595673
30032,0,0,0.00948944626590448
15869,1,0,0.46333856800355805
7955,0,0,0.008311971053934301
19890,0,0,0.0488385442973736
19301,1,1,0.6950349465801482
28934,1,0,0.38734377767137745
30719,1,1,0.5350177818555718
6762,1,0,0.3641024015467245
20098,0,0,0.24384898905289598
25151,0,1,0.589186907939122
28676,0,1,0.638842436429547
9739,0,0,0.2800452036532038
1933,1,0,0.0377313149079365
8236,0,0,0.027736196038798098
20162,0,0,0.0004346075695263266
31930,0,1,0.6089235877444986
271,0,0,0.0001744471877557161
24249,0,0,0.008941817439051597
21869,0,0,0.04191237983064914
31607,0,0,0.2130905925334529
26777,1,0,0.06029537710590932
28578,0,0,0.019578301951218794
11196,0,0,0.21089904935691836
9730,0,0,0.008752752451655896
21081,0,0,0.0801729870570765
25438,0,0,0.00031659284863443777
21395,0,0,0.20211434882448817
6814,1,0,0.16733679238534904
27737,0,0,0.19953093548819956
18759,0,0,0.045904469164395806
23672,0,0,0.13590955882948405
18379,0,0,0.005347205034631249
31823,1,1,0.940074965825997
3095,1,1,0.7803869882251684
19166,0,0,0.03776286552526683
21300,0,0,0.09932646504958191
13947,0,0,0.11228932276989662
6207,0,0,0.04502791049277897
23136,0,0,0.0845599051647109
14672,0,0,0.12037835418503355
3280,0,0,0.036070740362442365
25917,1,1,0.7180904473145492
1107,0,0,0.001482807851115212
25635,0,0,0.008104142311147875
23331,0,0,0.08420115269223298
20179,0,0,0.15033745093305925
23324,0,0,0.23856349391397047
12285,0,0,0.06960932507990049
32489,1,1,0.7451315212555065
19287,0,0,0.11571651373761753
18684,0,0,0.001303509241744498
16235,1,1,0.982685111713308
27417,1,1,0.7708971233495013
5985,0,0,0.016018085023724416
18568,0,0,0.002471005009518369
25531,0,0,0.009308052235888068
32348,1,0,0.46553113994571077
8723,1,1,0.6666572209788236
5931,0,0,0.4937783337639141
13313,0,0,0.020007736586238268
28737,0,0,0.0014290630758520704
26388,1,1,0.9925581975949657
897,0,0,0.01170167123506495
3151,0,0,0.002425121012903138
24400,1,0,0.34926842210065584
1116,0,0,0.35748130768193365
31961,0,0,0.49385888929801786
8630,1,0,0.44727734216288834
30721,0,0,0.00022929730339803404
5684,0,0,0.015807414239927414
27470,0,0,0.027779789190029856
19615,0,0,0.0002942413916711503
5898,0,0,0.18416625517062193
28380,0,0,0.0040507760262423935
12273,0,0,0.006606061590557825
30161,1,1,0.8332754348610688
19029,0,0,0.09952974816797071
11864,0,0,0.056962356181236795
15078,0,0,0.15813618223700412
30346,0,0,0.0008414831572539851
13216,0,0,0.047448713002458454
24080,0,0,0.0823517731241437
14227,0,1,0.5058058326350059
24204,0,0,0.3108231649056748
5872,0,0,0.028980705750128732
1507,0,0,0.453433673501298
29063,0,1,0.5093128447056955
24434,0,0,0.020789464874598016
31201,0,0,0.13177684995557545
26110,0,0,0.007653170611705495
2307,0,0,0.0006402083114680008
28845,1,1,0.9987256005005706
20017,0,0,0.4743846460633696
23997,0,0,0.01609930641639193
25989,0,0,0.2939621072322471
31701,0,0,0.23267335870865768
32227,1,1,0.9884090510229245
8299,1,1,0.7708971233495013
27215,1,1,0.9923845780582402
15977,0,0,0.22800966329998773
411,0,0,0.002144640833952707
2335,0,0,0.0002570245469524426
28720,0,0,0.07308310711871156
30292,0,0,0.12780581374835823
30892,0,0,0.003956656742759987
31459,1,0,0.4715845545345993
26196,0,0,0.014757118096363153
17968,0,0,0.004361353012046016
9445,0,0,0.04514963845922929
681,1,0,0.20184992812724267
29475,0,0,0.00035662568736670566
31146,0,0,0.2425585692652453
1020,0,0,0.216908272236914
26359,0,0,0.002827881877348172
17054,0,0,0.00866654329970414
17813,0,0,0.019009767922162368
26812,0,0,0.13898448374282915
29241,0,0,0.1830692958054556
22813,0,0,0.18919770104770517
1693,1,1,0.9949901946692675
23452,1,1,0.9961883977777249
7403,0,0,0.01712753250069836
16113,0,0,0.002994767785085067
25829,0,0,0.12950908145382892
15726,0,0,0.00633882000483071
19450,1,1,0.8968096495644975
18290,1,0,0.3296432861219813
25852,0,0,0.03755676422522389
29424,0,0,0.0014434091462903205
2112,1,1,0.937459701648566
9419,1,0,0.45426354385765416
11269,1,0,0.45828040986351254
4534,0,0,0.0006255373071670012
9374,0,0,0.03259932517249268
10178,0,0,0.157194508980948
32295,1,0,0.4073205049021695
24628,1,0,0.4601521567756756
7622,1,1,0.9952232910791787
17714,0,0,0.1651775755793106
7433,0,0,0.003899971396555218
29949,0,0,0.00046442882565961714
24254,0,0,0.004711552911804642
23915,0,0,0.28438850052437487
29215,1,1,0.9931180559148617
2974,0,0,0.18933887116464335
28049,0,0,0.10492133749489531
7859,0,0,0.1720413659651162
3763,1,0,0.0019163130264340177
4187,0,0,0.003811604908539199
23429,0,0,0.014102926782001582
3168,1,1,0.7692455902037691
16678,1,1,0.5672353522372778
30251,0,0,0.0018251102123552545
10923,0,0,0.4887885807492586
9132,1,0,0.30940557387324424
22369,0,0,0.0003501162974407575
22503,1,1,0.6449786049414951
1024,0,0,0.0013421754421275994
2402,0,0,0.012188593564958687
15678,0,0,0.01385398591849285
679,0,0,0.24432330955477768
11274,0,0,0.0075855124088459605
2438,0,0,0.0006033517529206516
14068,0,0,0.008030134504318854
11969,0,0,0.05750322597976546
13387,0,0,0.14827499565862579
29556,0,0,0.0513494413663542
19316,1,1,0.6722533841681098
28489,0,0,0.0021605353119654373
31783,0,0,0.00044486793740521513
24269,0,0,0.19254554515489966
1869,1,1,0.5891358109416328
24743,0,0,0.010334188978158023
6275,0,0,0.19022217153627155
8716,0,0,0.1586047219098019
12971,0,0,0.19614219009355593
25823,1,0,0.35907229814440317
4603,1,1,0.9954729636982639
27115,1,1,0.9964811021922401
1436,0,0,0.03217470486955425
7618,0,0,0.0011852378300837721
10527,0,0,0.45736789151219054
19496,0,0,0.010941274092465416
6249,0,0,0.01292124635700479
15914,1,1,0.6218500104815412
27833,0,0,0.0022468044198128995
19902,0,0,0.024305737323997944
15306,0,0,0.007361237084158273
19323,0,0,0.07956970375303285
11593,1,1,0.8148572693583501
28844,0,0,0.01923537056920421
8898,0,0,0.06178941262155476
930,0,0,0.07048987749961637
28419,0,0,0.11559239140317007
7408,0,0,0.0005830404059519717
22533,0,1,0.5128538888769922
11073,0,0,0.0031796320070662004
3187,0,0,0.033547807296394776
29693,0,0,0.0012422169472889025
31439,1,0,0.4601521567756756
13096,0,0,0.0031287718085269266
3974,0,0,0.019619067964449
9297,0,0,0.01213450558678327
11235,1,0,0.3980485914439211
30262,1,1,0.924107780296597
25018,0,0,0.3374038398518772
7749,0,0,0.1158391908698156
9696,0,0,0.20570154341199334
31709,0,0,0.05845016862925236
12755,0,0,0.17902518068083775
26175,0,0,0.010232001783453295
7753,0,0,0.0004043959783713971
12011,1,1,0.9966820883516255
27560,1,0,0.3296432861219813
25107,0,0,0.3019689719232392
28234,0,0,0.005053625479109524
31869,0,1,0.5555744203598587
25160,0,1,0.5862093495104391
11709,0,0,0.0030355159036158253
17581,0,0,0.005740656194800569
1085,0,0,0.22598903145310165
15540,1,1,0.7536258384757359
15339,1,1,0.6717488256430176
27464,0,0,0.000875433561749531
12624,0,0,0.010922405971036601
27302,0,0,0.04651517074852133
1659,0,0,0.06464557248511425
31633,1,1,0.5168390301503741
28279,0,0,0.08064281613798718
24444,0,0,0.15715540847422468
4502,1,1,0.7708971233495013
26166,1,0,0.44328251717492284
20459,0,0,0.4081230870981607
19637,0,0,0.025480608540563443
29764,0,0,0.01032643576480345
13038,1,1,0.761477012841984
25694,1,0,0.17795524223437556
14390,0,0,0.07046414139126765
14116,0,0,0.026944338896030706
21485,0,0,0.0015820864745014122
25301,1,0,0.11524147546231828
9044,0,0,0.004568224946687325
29095,0,0,0.0025430111893525354
31045,1,1,0.7207798187099602
27684,0,0,0.056638650276698434
10791,0,0,0.1044885935420329
5176,0,0,0.018681931417805428
16905,0,0,0.004699225657977038
22471,0,0,0.06288560671254718
79,0,0,0.028845503715154538
7432,0,1,0.5716542923037635
22210,0,0,0.2534979448117291
8937,1,1,0.6896784052888908
5566,1,1,0.9946262241769483
22352,0,0,0.010283289508607144
814,0,0,0.0002874416413020325
22730,0,0,0.054137972166758426
30612,0,0,0.000607129288306025
26740,0,0,0.06117216401129801
6014,1,1,0.9632158070293014
22368,0,0,0.005437885909995684
19386,1,1,0.7484527881775106
5045,0,0,0.3975214404354857
970,1,0,0.13842271156654626
31854,0,0,0.058127362619748664
25489,0,0,0.01509918384847952
1837,0,0,0.030235256215398954
2909,1,1,0.8253449705052361
3936,0,0,0.020113380994429043
28129,0,0,0.2528341151074886
20764,0,0,0.008444012232548757
6892,0,0,0.11503257363491086
3312,0,0,0.0977383536598178
28310,0,0,0.0006377066503791496
4858,1,0,0.44511881469577874
30767,1,1,0.987724400075627
29205,0,0,0.00024017847159567136
26522,0,0,0.12121640589931126
30078,1,1,0.726576118066318
17675,0,0,0.04039833292626272
11915,1,1,0.8224138802786873
19759,1,1,0.6564266895104368
3647,0,0,0.2554398710927673
21043,0,0,0.006140649546127596
8292,0,0,0.06987571228158297
21143,0,0,0.010325441981707359
26517,1,0,0.48168005935105107
7559,1,1,0.7037396258804488
10502,0,0,0.03703445369545156
28469,0,0,0.4920682724192253
25317,1,1,0.7688621763387107
11674,0,0,0.022709505196985124
29855,0,0,0.0010328622955153846
10373,0,0,0.4576748763683928
25518,0,0,0.09711226372525977
8199,0,0,0.0007093064104188551
3559,1,1,0.9885231484964185
26242,0,0,0.01578042751742135
5771,0,1,0.541850483437726
14184,0,0,0.02289939000056815
27899,1,1,0.974385552258155
3542,0,0,0.1209499195592995
23153,0,0,0.0037812897261964673
20480,0,0,0.1080245877526557
15749,0,0,0.1853078451656209
17679,0,0,0.003615275979565113
499,0,0,0.08086942499909999
18584,0,0,0.003805411363672308
12207,0,0,0.0007209257494758763
3071,1,1,0.9969797509985522
15096,0,0,0.008216119893227451
26713,0,0,0.2326839519365496
13997,0,0,0.0022416059564615053
22922,1,0,0.12320619920566873
9356,0,0,0.2846361505524206
19355,1,0,0.3357219649671935
17284,0,0,0.2082404358153229
20300,1,1,0.7462946064377368
28635,0,0,0.012646308646644904
14238,0,0,0.011451075467230542
4148,0,0,0.248410941662938
25493,0,0,0.3060320095614035
3489,1,1,0.6597361308395889
24601,1,1,0.7307400382777445
263,0,0,0.09368422726415017
20597,0,0,0.037173434442654876
17947,0,0,0.24115789510408714
6484,0,1,0.6501712721153826
15599,0,0,0.014293683693111856
23624,0,0,0.3649452879290238
6726,1,0,0.33857180011379845
27059,0,0,0.25707862753396976
26267,0,0,0.16540962701119724
24652,0,0,0.00037089718264167606
10283,1,1,0.9388922659690381
29965,0,1,0.5497470938257562
19495,1,0,0.37640542528219406
20542,0,0,0.0010016146509610948
12666,0,0,0.010930108864338865
15907,0,0,0.0015890459153758963
29373,0,0,0.10396806979104467
5927,1,1,0.5488597162586852
17119,1,1,0.7392034061118539
20856,1,1,0.7327453099457907
24352,0,0,0.036221082287757285
6913,0,1,0.7729683437257573
1664,0,0,0.17148932382437784
26212,0,0,0.0007937013287351438
11508,0,0,0.43586892022919227
15984,0,0,0.00285827766431147
15024,0,0,0.001860882756357943
21130,0,0,0.0004453791922991058
23971,1,1,0.9963777125268781
27387,0,0,0.008605224181226083
23930,0,0,0.001184279135309302
27964,0,0,0.00138621609233494
4300,0,0,0.00044455037806521313
7563,0,0,0.005779462902383711
10497,0,0,0.015625055080891164
6620,0,0,0.42995072627102976
15353,0,0,0.4301739988748601
23703,0,0,0.1311773455683762
14408,0,0,0.19828420436538877
17560,1,1,0.7280056106794811
21787,0,0,0.07627749261897182
16548,0,0,0.03514380117647904
32121,0,0,0.4443855343749272
29234,1,1,0.9976860621673024
22012,0,0,0.4121284821712648
28070,1,1,0.9979961189723334
15312,1,1,0.9983238349407282
2850,0,0,0.22632677086295672
9201,1,1,0.7675888876933236
6591,0,0,0.0006724208210362285
9811,1,1,0.8503229266850573
17682,1,1,0.8966473700576273
17396,0,0,0.004790797787076462
7988,0,0,0.013818100696601077
18564,0,0,0.22494816073601356
7488,0,0,0.31194456582547603
28278,0,0,0.09248329269931728
22768,0,0,0.44346753320456833
27054,1,1,0.8064532044634897
21957,0,0,0.2981583970265754
8936,0,0,0.04229844150774966
8148,1,1,0.841271173945899
22209,0,0,0.005841945428427731
4311,1,1,0.5639806004131649
13907,0,1,0.5419904999029369
22993,1,0,0.47629509467583997
32172,1,0,0.4001788299829008
11924,0,0,0.4585474051252798
1343,0,0,0.016768044960976346
30998,0,1,0.5501715417358802
6602,0,0,0.0021980855773468
16907,0,1,0.5776761019038695
22214,0,0,0.031827230085976155
20613,0,0,0.18304663785496122
32284,1,1,0.9603936703388914
9230,0,0,0.39241025884025077
31468,0,0,0.004592023673784627
28269,0,0,0.16475580153903657
4788,0,1,0.7580287362945334
14129,0,0,0.10318411005686945
19043,0,0,0.3468097251069122
2215,1,0,0.42403241013755394
17176,0,0,0.17076167889164093
698,0,0,0.04208067227970974
15097,0,0,0.0947810978966294
20270,0,0,0.0007269253347476738
11399,0,0,0.0009344162467451032
7503,0,0,0.013135139988114818
7036,0,0,0.0006183945300875555
5793,0,0,0.3473654413621629
6452,0,0,0.2897284499883801
21896,1,1,0.6244344600689048
3987,0,0,0.07124682370103089
26358,0,0,0.002188402938453055
19382,0,0,0.03976187832811251
21792,0,0,0.0017659913060774745
6669,0,0,0.04535205862270458
5521,1,0,0.4882762153046905
30880,0,0,0.0004554361838698078
31404,0,0,0.014700775234146389
23723,0,0,0.005076441582147028
13787,0,0,0.048518531681692324
14692,0,0,0.02087810483778646
30147,0,0,0.025901480579808
12912,0,0,0.0002570245469524426
2054,0,0,0.0010392229875727207
6590,0,0,0.06983170992907022
12587,1,1,0.6334215399923727
24684,0,0,0.07627993127053154
32101,0,0,0.0010773507272197667
20685,1,1,0.7123637980929493
9265,1,0,0.42029800170316167
28543,1,1,0.6887324413266355
4183,0,0,0.0033345507711983646
30206,1,0,0.014062179120519295
6199,0,0,0.05511804171738253
26708,1,1,0.9150466849791371
15752,0,0,0.03120715348008471
29593,0,0,0.008546373405148744
9025,0,0,0.36526887138836134
29594,0,0,0.09196997917663237
18499,0,0,0.45828040986351254
30304,1,1,0.9372757586964888
71,0,0,0.033996561729809326
3288,0,0,0.2600426296997381
3424,0,0,0.014948293932357503
21825,0,0,0.2512982421657441
6897,0,0,0.012225534879626252
23708,0,0,0.001154652773107
17338,0,0,0.3396780877293384
7760,0,0,0.0004931612978122031
22622,1,1,0.504307467435367
31698,0,0,0.011801407987944539
14090,0,0,0.00273211504790886
8244,0,0,0.030488646641628755
7219,0,0,0.00252187813468017
1629,0,0,0.2795029253051384
6370,0,0,0.1393958289104195
25476,1,1,0.7248826801585686
24735,0,0,0.003273666441140362
11343,0,0,0.262900487858581
20286,0,0,0.0004595052344015628
30847,1,0,0.4274745854259859
24312,1,1,0.5373081314354792
1332,0,0,0.0014467906797073372
15604,0,0,0.021107167289334736
7870,0,0,0.018203466506343444
15131,0,0,0.14825380165533902
20680,0,0,0.321315074421155
30222,0,0,0.1983709062980766
27537,0,0,0.4881058143656705
21542,0,0,0.4637778890733564
27599,0,0,0.0030463753893709756
11351,0,0,0.057978898953309405
28832,0,0,0.00033961341937209657
30925,0,0,0.07137491008989295
17673,0,0,0.0020930656904250555
16752,1,0,0.48687163321064636
5087,1,1,0.98101630802477
25199,0,0,0.006305456529260901
4911,0,0,0.00952289401274853
26306,1,0,0.29855942648128836
16093,0,0,0.1831730352575044
31471,0,0,0.026804182051796955
10397,0,0,0.00027999845675294525
4004,1,0,0.38409711876590186
18795,0,0,0.059745717710546965
30676,0,0,0.004055096674181032
25381,0,0,0.251297072988987
20279,1,1,0.7538314362906039
11471,0,0,0.02162634822908638
17147,1,1,0.8109229360446794
7830,1,1,0.5611517213533737
3474,0,0,0.10999468158111053
19572,0,0,0.032597428152381265
8410,0,0,0.4525918989625654
10620,0,0,0.007008374655204097
29117,0,0,0.21501640329910301
27020,1,0,0.3923038446679148
10486,0,0,0.26046597112540765
31830,0,0,0.07334311161966224
12719,1,1,0.8499390189272766
25773,0,0,0.0003063797839003465
131,0,0,0.0012252173729295063
19847,1,1,0.9801719305581994
6901,0,1,0.6877821814160149
6972,0,0,0.020630416501258814
12551,1,1,0.6172790117877062
23846,0,0,0.32299487182461234
12529,1,1,0.9676284384048192
23547,1,1,0.8142774988033924
22653,1,1,0.9908199599479621
1518,0,0,0.011075080710369492
3033,0,0,0.008540698364891663
31246,0,1,0.6703985739516755
22095,0,0,0.0009735418998021412
5286,0,0,0.05835923989896261
26467,0,0,0.0731365060324904
7519,0,0,0.07408427651700548
23246,0,0,0.23750323628409323
2692,0,0,0.18670460540730005
16475,0,0,0.0295966644540111
3864,1,0,0.34974829793712175
21938,1,1,0.6974517587757519
28677,0,0,0.14048965122546342
15157,0,0,0.0014681242168394146
10421,1,0,0.25048786138811374
14858,1,0,0.4233417089315286
30188,0,0,0.00016781240711421215
23895,0,0,0.008936866426309267
11434,0,0,0.00035478016824162995
26344,0,0,0.06406900218127032
12553,0,0,0.34734788921990084
2432,0,0,0.3306844597470235
20011,0,0,0.13637627317963133
15936,0,0,0.2679913393114942
30904,0,0,0.11118993763564912
14452,0,0,0.0004300704571610457
15404,0,0,0.11847807527062844
22528,1,1,0.9924446117424569
12704,0,0,0.006314979238028953
19127,0,0,0.4417633020418547
32263,0,0,0.02345368783524909
23006,0,0,0.009673143259505293
17984,1,1,0.8340540755587688
1863,0,0,0.004545786728771216
7568,0,0,0.012572222776561509
18786,0,0,0.0045269083516679695
20689,0,0,0.009098654632696114
22428,0,0,0.0033345507711983646
10495,0,0,0.021408205882605624
29701,1,1,0.6421472379540202
26123,0,0,0.021946433421215477
10306,1,0,0.4446350931305821
10642,0,0,0.00029046643550935223
12883,0,0,0.04352508392479299
31321,0,0,0.05005804371523731
4523,0,1,0.675005917642039
28597,1,1,0.6581951372734905
14593,0,0,0.014365677172807158
24274,1,0,0.09596931431742278
14961,0,0,0.0012341814257494327
4033,0,0,0.002050236507753558
21264,0,0,0.09256312013639723
13172,0,0,0.00028724441081119445
13408,0,0,0.4918427423562715
28331,1,1,0.9884695283177223
15890,0,0,0.0030207023325654436
7236,0,0,0.0064656701132119075
16383,0,0,0.4736193634176075
26345,0,0,0.02629416034036383
31097,0,0,0.018359662360555893
21995,0,0,0.4486399558518606
22239,1,0,0.37149146216954526
2150,0,0,0.004174615277825895
16742,0,0,0.007189502339817996
4243,0,0,0.005606443397859574
15164,0,0,0.006885775725240514
17499,0,0,0.007547768794140806
23388,1,1,0.842184675421611
30795,0,0,0.004787292771654089
31604,0,0,0.10163381096884382
26347,0,0,0.009199180609518914
10114,0,0,0.0013749962789382346
24869,0,0,0.09590203090721501
20127,1,0,0.4404274984922429
2467,0,0,0.022671667625675785
29209,1,1,0.9938916447663849
25124,1,1,0.6504389506216066
5903,0,0,0.2097410100002878
307,0,0,0.06551835171490733
30083,1,1,0.9860186442379703
9826,0,0,0.1711698425590785
867,0,0,0.0002579168937772126
3550,0,1,0.5177628008095491
12086,0,0,0.11554912075357875
7397,0,0,0.1350870905646656
10801,0,0,0.00020539515696190849
15246,0,0,0.20870657768316633
1605,0,0,0.20782489177654606
25118,0,0,0.0341304912444901
3969,0,0,0.030844827749240425
18538,0,0,0.023504456912651597
18136,1,1,0.5107394701633735
24800,1,0,0.0821074613284954
5064,0,0,0.017381691766888724
32513,0,0,0.030083980643435166
10172,1,0,0.48731568767142946
616,0,0,0.12035130024540663
13346,1,1,0.8938390650879472
17940,0,0,0.03043397873218483
24025,0,0,0.005877678857939903
27885,0,0,0.0006413234386344218
28295,0,0,0.3497360028655004
11089,1,1,0.6947750897357059
25092,0,0,0.4069049429493594
4073,0,0,0.013673519611052525
32034,0,1,0.648195533588631
883,1,1,0.7180904473145492
27104,0,0,0.0038697851064302007
24913,0,0,0.20313612470198353
22901,0,0,0.45674841540337613
3249,1,1,0.9871114350211694
20245,0,0,0.005614814969637252
6802,1,1,0.9287638000136013
32424,0,0,0.1283595803529751
12325,0,0,0.0027703729928992837
20659,0,0,0.08491926615064173
30022,1,0,0.2104260917417857
18553,0,0,0.11150408269407207
26476,1,1,0.9933107376613023
10170,1,0,0.12815850241769633
26139,1,1,0.5196706358573284
5114,0,0,0.06358023690245339
12279,0,0,0.029767595587969514
7814,0,0,0.02393332341032044
17186,0,0,0.009178541867143336
25642,1,1,0.6450954875052284
2166,0,0,0.4554964930991418
4058,1,0,0.4666205951658779
29978,0,0,0.0779727838869572
15469,1,0,0.29702261489085996
10446,0,0,0.000343258043266306
29705,0,0,0.003410918185663641
24225,0,0,0.005409745944355698
5632,1,1,0.8573276615720641
27415,1,1,0.7506471640155006
16185,0,0,0.07587543474062523
31083,0,0,0.4498093934938246
22177,1,1,0.6473177094346454
21506,1,1,0.6924024670728072
9325,0,0,0.0005777098050908409
13691,0,0,0.15487127689404637
21703,0,0,0.009477938390818603
31377,0,0,0.0019842649045255776
2235,0,0,0.05913921383643777
11166,0,0,0.19393615149308915
1111,1,1,0.7238692948140025
2539,0,0,0.018849701113881373
29852,1,1,0.7291898927252193
10902,0,0,0.04766446558056878
4445,1,1,0.8114545083412502
22186,0,0,0.4627630097286019
22821,0,0,0.0010076480440751798
22798,0,0,0.029107169347203588
30701,1,0,0.25385039760605926
13913,0,0,0.04426105425257453
9781,0,0,0.003892519208288807
27191,0,0,0.22646919426755252
659,1,0,0.29878803592104936
18967,0,0,0.02226664565914307
27773,0,0,0.005556626650528779
5510,0,0,0.00026341499687507474
25615,0,0,0.07800426926415283
6924,0,0,0.15605614820906524
26136,0,0,0.0853076631364507
4374,1,1,0.8395433749448716
16058,0,0,0.09234743365859471
28811,1,1,0.8545730968940286
1301,0,0,0.005419483086277953
3618,0,0,0.0009164135623021885
8073,0,0,0.004767186762626757
25305,1,0,0.26583154004279747
13031,0,0,0.2811140377314382
21464,0,0,0.1315561428817211
28254,1,1,0.9968826419137188
28455,0,0,0.020462299462980494
11510,1,1,0.7402541858782846
1352,0,0,0.015124415916794675
11859,0,0,0.003760107512077119
6986,1,1,0.9740600255044721
11824,0,0,0.04427491381442992
12094,0,0,0.05559674443314583
17999,1,1,0.8688221607420225
1387,1,0,0.34921621444029655
28523,0,0,0.01710167560580332
2035,0,0,0.005448345468468623
8732,0,0,0.03904463047184107
26504,0,0,0.0033714639039992
25453,0,0,0.019036726378096683
21945,0,0,0.03919358115710242
16155,0,1,0.6134474205803911
1723,1,1,0.5341080357269825
885,0,0,0.2007546606932763
28454,0,0,0.01926648829410918
8058,0,1,0.6040224788471799
17592,0,0,0.20415549721237536
3616,0,0,0.039942946867020844
11914,1,0,0.10830114795189809
26744,0,0,0.00033959408182937875
23217,0,0,0.0005287573454102462
13956,1,0,0.3071398476632283
5587,1,1,0.7362314589680251
11373,0,0,0.46968012607310117
26866,0,0,0.4165008692944294
11021,0,0,0.023637046323014735
9365,0,0,0.001056471287649354
17340,0,0,0.015744775694442017
22690,0,0,0.012005917403924099
7484,0,0,0.00801036784867685
14943,1,0,0.4739825905286062
12048,0,0,0.11842439206266642
25300,1,1,0.5583565691701615
19776,0,0,0.008253627335652429
11689,0,0,0.4318224662714618
17379,0,0,0.0005103792760201885
22185,1,0,0.22169107426371146
8550,0,0,0.42766173259085355
13926,0,0,0.15202403982792917
29679,0,0,0.33482433797762673
6056,0,0,0.06026784024822727
30550,1,1,0.6333685580251648
23929,0,0,0.0034609643747950387
18319,0,0,0.30922473216918117
1790,0,0,0.18274132189789014
29927,0,0,0.07443803421078997
26720,0,0,0.06909002009122081
9610,1,1,0.9980911968186779
26593,0,1,0.5099334645896848
7233,0,0,0.16825652226294216
22160,0,0,0.0008196692358799426
27291,0,1,0.7511689314074221
13473,1,1,0.5062144780812892
4150,0,0,0.014050812945543466
5450,0,0,0.0020130826783994094
2265,1,1,0.5829365218707733
25194,1,0,0.3624814835082677
14752,1,1,0.686480301793449
2199,0,0,0.324199397684194
31948,0,0,0.47299842645717377
8075,0,0,0.3010730024282744
1127,0,0,0.07200291191796195
7310,0,0,0.06712552247281912
8945,0,0,0.0029155575052454293
5465,0,0,0.007884410611602565
19956,0,0,0.00930974608180509
3649,0,0,0.0012371587961849655
20992,0,0,0.0003923700534834452
26901,0,0,0.00235020251292046
10309,0,0,0.005646147346751003
21834,0,0,0.01750767218123227
1179,0,0,0.012434833693560987
23809,0,0,0.3060320095614035
5982,0,0,0.01350581361604103
1535,0,0,0.04471922736463544
17842,0,0,0.013544489037841988
21391,1,1,0.6435430632439928
18245,1,1,0.9890297868221566
22412,0,0,0.00019321195109097802
25505,0,0,0.4414365077361319
27175,1,1,0.9954771954768309
11566,0,0,0.4601521567756756
16013,0,0,0.09924122296713561
9906,0,0,0.4276055731111838
29570,1,0,0.3253279541303679
6106,0,0,0.0011399469497389914
13900,1,1,0.9119956630063956
22178,0,0,0.06438408643165999
6993,0,0,0.00028172860657700745
10920,0,0,0.003681674880119069
5622,1,0,0.02073801730113437
24936,0,0,0.0002390114372965808
15451,0,0,0.0006594728392498934
15479,0,1,0.7786441540526378
15591,0,0,0.05080552243748931
28583,0,0,0.07002985495822646
4784,1,1,0.9220166589574798
5153,1,1,0.6555820454285156
22064,0,0,0.0026571738278094482
10247,0,0,0.24745729375203726
22801,0,0,0.017651246633406437
31002,0,0,0.08032470012591983
12924,0,0,0.024089307665898934
25873,0,0,0.002931252988969873
6406,0,0,0.004446018866177245
7052,0,0,0.002453564919579551
25347,0,0,0.000986045043464684
8409,0,0,0.013047714683271086
25591,1,1,0.5750303906597588
29807,0,0,0.04639355688431227
16528,0,0,0.0006775432452163838
28291,0,0,0.01350581361604103
12962,0,0,0.004259776868890898
22120,1,0,0.2760281464372453
15809,0,0,0.037678924828282244
14893,0,0,0.33087235604827675
14722,0,0,0.015020685332339107
32166,0,0,0.016367209701844323
20931,0,0,0.04425192087863311
17017,0,0,0.002624885076966362
24208,1,1,0.9969784502616096
24234,0,0,0.03684721660349049
3551,0,0,0.00559763832428991
27018,0,0,0.4679521151464358
3237,0,0,0.01581376415916687
1742,0,0,0.01130142153341051
16939,1,1,0.9741102880738556
27841,0,0,0.018282302507678764
22773,0,0,0.0009673219875245294
10715,0,0,0.3277206865292419
32152,0,0,0.1460834340777086
6706,1,1,0.8701278062336687
15175,0,0,0.0010031491816388893
7066,0,0,0.026647938778852447
23116,1,0,0.297651171173771
18674,0,0,0.21803536611215213
27694,0,0,0.07542528360376854
17762,1,1,0.9563610948320345
27123,1,1,0.6042782124017544
3433,0,0,0.42124706044515164
8912,1,0,0.4950405399930418
8302,0,0,0.010061450219904977
7101,1,0,0.38043129781849533
8307,0,0,0.13239045335271984
22838,1,0,0.06574732763690497
2412,0,0,0.04830423017002916
16228,1,0,0.23738496134404588
31012,0,0,0.33946526728002285
16958,1,1,0.7075069721810268
2276,0,0,0.025619237207706296
13272,0,0,0.06414501132360352
8860,1,1,0.8493902703081945
915,1,1,0.9983385647694467
10835,0,0,0.015658523855941048
21681,0,0,0.02674372897920789
31896,1,0,0.0185365328416378
16597,0,0,0.02594759461730883
1805,0,0,0.29986329464514766
31327,0,0,0.03422924983751868
7289,0,0,0.0006317435451500588
9646,1,1,0.9937180516775573
22421,0,0,0.005102547338790721
26965,1,1,0.5158055827803605
19101,0,0,0.02942052497250064
9498,0,1,0.5248970284968201
25704,0,0,0.0019235477103069726
21336,0,0,0.14398229104284951
15,0,0,0.0417292362088707
26065,0,0,0.002957429757589558
20242,1,0,0.18718225021532411
17230,0,0,0.4081230870981607
28091,0,0,0.000922970554725502
25660,0,0,0.008455552463210567
2462,1,1,0.9895995552404564
3938,0,0,0.05319762026772216
7248,0,0,0.07789325816081032
21680,0,1,0.5674462522582698
1401,0,1,0.5384413345942515
7010,1,1,0.6185186812550729
17907,0,0,0.4820149846973061
26429,0,0,0.0023584173951867434
14448,0,0,0.0004453065140672524
20228,0,0,0.0012483183226202597
32316,0,0,0.41149260139610205
25350,0,0,0.005217981224714803
9264,0,0,0.02147271223015935
19469,0,0,0.40642039456169493
2268,0,0,0.3642008210567946
28415,1,1,0.975195682503836
15581,0,0,0.02013779809882588
14166,0,0,0.09993546788168362
312,0,0,0.000218621165660947
24699,0,0,0.00014718537465606296
26477,0,0,0.1444918239089397
9146,0,0,0.0010122641386531757
19636,0,1,0.5797339857764081
1649,0,0,0.009194042913961345
6110,1,0,0.31194456582547603
1707,0,0,0.008664375660773936
5973,0,0,0.005990004412405971
5034,0,0,0.06516597584287968
22781,0,0,0.23250426174036565
18294,0,0,0.017848083870660194
13625,0,0,0.10038508580180754
21032,0,0,0.0013793617757686654
2296,0,0,0.0012942719769226832
3518,1,1,0.7096595583330275
19027,1,1,0.8163702757922303
9158,0,0,0.31197532244059906
16368,0,0,0.3496253055615095
18902,0,0,0.4085511260438574
24672,0,0,0.009306641256440677
28174,0,0,0.027785107865060072
1065,0,0,0.01064939838204565
18549,0,1,0.7664995331770124
23719,0,0,0.2388421301860962
30718,0,0,0.27785763024436894
17730,0,0,0.09864723045530426
13945,0,0,0.054655205155607976
18627,0,0,0.09339494181446961
4259,0,0,0.03854811264447217
2177,0,0,0.011885732834177543
675,0,0,0.0005395799243654376
15555,1,1,0.7584018237650089
15251,1,0,0.4870494004993833
18881,1,1,0.8704163286985688
9932,0,0,0.003616697745967172
18635,1,1,0.5311842983410677
31876,1,1,0.9864974899921338
21560,0,0,0.0007071678885734086
23208,0,0,0.044271869552789445
24164,0,0,0.0017310117758584315
26515,0,0,0.006337486451893846
10423,0,0,0.39472470853476943
8272,0,0,0.009415955880811977
7516,0,0,0.12515808208223209
21011,0,0,0.022437023363175105
2373,0,0,0.48633980740278915
6656,1,0,0.45358039622324337
6709,0,0,0.0028755120841349336
9224,1,1,0.988420879795426
31481,1,1,0.5008203455605486
10469,0,0,0.001135467426601406
26427,0,0,0.015137722026766312
15361,0,0,0.0009773419176203931
23398,0,0,0.02348243816038687
15934,1,0,0.15063099617416145
30309,1,0,0.25423846034898406
13433,0,0,0.032515806447248136
25715,0,1,0.7913359743112026
30363,0,0,0.0006722765897346448
11828,0,0,0.0045833911726703876
9229,1,1,0.6920039786550559
22743,0,1,0.6622527727271411
3158,0,0,0.11028529943775416
20983,1,0,0.2411075951748031
22778,1,1,0.8445999728842531
15616,0,0,0.07094425032611222
28270,1,1,0.9980105476818014
5298,0,0,0.041437344043744426
15961,0,0,0.09602167493218385
28506,0,0,0.031154558168377738
15964,0,0,0.2695954272816541
11633,0,1,0.7282589309924262
18082,0,0,0.0017860442932458164
1147,0,0,0.42000555959751856
21387,0,1,0.808190859322993
30411,1,0,0.29305126768605816
362,0,0,0.49181406010265255
30424,0,0,0.008495419429508188
14432,0,0,0.4068443402606187
13871,0,0,0.1826916169821071
22887,0,0,0.04062305888199158
10543,0,0,0.07619194748223913
28923,0,0,0.00085384162622226
10530,1,1,0.6791962716405737
3792,0,1,0.61608546590923
14349,0,0,0.0017719462731843364
4983,0,0,0.0046581038977517595
29980,0,0,0.003880723899039869
12506,0,0,0.25945610295747334
29004,0,0,0.003911721916340001
31200,0,0,0.007188186705955029
28149,0,0,0.40878772912645767
31296,0,0,0.0007368477166388769
15197,0,0,0.0035394857736511707
28451,1,1,0.9508219049512623
7178,0,1,0.5043752230835458
21075,0,1,0.5411063894600888
7548,1,0,0.4882762153046905
354,1,1,0.5078797080931683
14917,1,0,0.38410127793970683
20745,0,0,0.042842230287140924
7199,0,0,0.0953851703387027
12254,1,1,0.9976942062289206
14310,0,0,0.14312895269279693
32046,0,0,0.3322356461213837
24223,0,0,0.008948523670401175
15806,1,1,0.7834959448505413
3455,0,0,0.013928773531052716
16435,0,0,0.022207557800516257
14337,1,1,0.6682807584483902
9235,0,0,0.008327275280468704
18872,0,0,0.4381233556637327
27169,0,0,0.0007015475838730747
30329,0,0,0.0026283096298812436
898,1,1,0.7362314589680251
28588,1,1,0.9967201607668904
31465,0,0,0.03207130667864998
25130,0,0,0.06029190701019801
25803,0,0,0.005168876256750922
8835,0,0,0.06450905026398407
8852,1,1,0.9967177268007273
19788,1,1,0.9943544878453032
7293,0,0,0.001027867517870244
23327,0,0,0.0006336926448371641
8336,0,0,0.012103009080978179
10545,0,0,0.19523096881552213
27281,0,0,0.007107889978495439
16762,0,0,0.007280136723665588
16662,1,0,0.35485941767512913
3802,0,0,0.004792320641518177
20868,0,0,0.08951394757462683
29771,0,0,0.005788533600567612
26316,0,0,0.0005055688945210835
11346,0,0,0.00046370045397668046
24599,1,0,0.24831002041443914
9324,0,0,0.0020204718694467
7704,0,0,0.19921456019710956
25139,0,0,0.35547124488279264
2892,0,1,0.7124112606591488
23447,0,0,0.059778860243315544
21533,0,0,0.23986994923832997
3609,0,0,0.008733132479832094
31049,1,0,0.40365055887899337
10464,0,0,0.01990821842670394
26746,0,0,0.27900119013316
16037,0,0,0.01346660702515625
9852,1,1,0.6562676995235684
28747,0,0,0.17335315017166655
4511,0,0,0.022703809390314276
15778,0,0,0.0010174147983466597
31093,0,0,0.025980709448836365
16871,0,0,0.3060857300264207
18142,1,1,0.9361315749000458
9205,0,0,0.0016872625438416904
21205,1,1,0.5861084445981338
13017,0,0,0.002659373173959013
11306,1,0,0.4601521567756756
31959,0,0,0.0038265898639404535
30330,0,0,0.08188725330441775
21412,0,0,0.11059673149258255
10718,1,0,0.20448791768230967
18809,0,0,0.0007420425691800752
19061,0,0,0.06552803821973201
30987,0,0,0.044351728242776355
31951,0,0,0.0006522356864187237
29598,1,1,0.9943848633515767
15978,0,0,0.1684101434756282
27570,0,0,0.23581758855912005
24836,0,0,0.0034998467856621833
18781,0,0,0.003740888706524386
5883,0,0,0.41208257606054777
12295,1,0,0.4156292007793126
17526,0,0,0.20608764861586715
6805,0,0,0.08028154414990271
24253,0,0,0.011608944536505876
23575,1,1,0.8032668343031298
21053,0,0,0.001802950870734608
7812,0,0,0.08198127835830808
29178,0,0,0.0009531701444477291
24496,1,0,0.45101548435066796
23281,0,0,0.19828420436538877
16987,0,0,0.011059704526018435
928,0,0,0.003984066465073602
16883,0,0,0.17399648963162073
14409,0,0,0.0035071080723010815
4578,0,0,0.020974261497444812
5667,1,1,0.8092994368133549
2608,0,0,0.0030625882852974907
30673,0,0,0.01696339968826377
31734,0,0,0.003298905749002013
7874,0,0,0.20055923353631755
22313,0,0,0.030529671992758096
16014,0,0,0.0014102984334826002
771,0,0,0.005966157398379375
17617,0,0,0.014327857112268548
31384,1,1,0.7681141408876832
3986,0,0,0.006697335801745121
10926,0,0,0.27733725286985184
16213,0,0,0.009231627912686856
30901,0,0,0.18626796712042729
23155,0,0,0.00037126531648871644
10767,0,0,0.34881247795644504
29520,1,1,0.5291265959805893
16464,1,0,0.20943418817287282
10212,0,0,0.052384858478698414
25768,0,0,0.00027999845675294525
22789,0,0,0.06442276586569194
23414,1,1,0.6597361308395889
21997,0,0,0.4435900201498944
27535,0,0,0.002990308222101728
13021,0,0,0.006168865006225161
5863,0,0,0.01350581361604103
31190,0,0,0.030864253556507255
20283,1,1,0.9970030742408298
21607,0,0,0.05977139142621482
13653,0,0,0.003323314306360962
30453,0,0,0.002353138042920279
8718,0,0,0.007677159369472955
6659,1,1,0.7568399740024055
27284,0,0,0.016479628862955426
32167,0,0,0.1012035484715917
11276,0,0,0.04783165656986441
4958,0,0,0.08199070237988439
17427,0,0,0.32150562669396526
856,0,0,0.00531122705768262
28936,0,0,0.0749198286075654
10118,1,1,0.6913102654854838
16554,0,0,0.0014941682226701002
9541,0,0,0.1311773455683762
23016,0,0,0.234475803079688
22411,0,0,0.011933377230279624
17344,1,1,0.6249147841835351
24957,0,0,0.49618049114424495
24694,1,1,0.7361562938051879
7369,1,1,0.9913377840636258
15376,1,1,0.7857659404000937
22434,1,1,0.5411755730296997
25025,0,0,0.00037089718264167606
13370,0,0,0.006010019198378964
15188,0,0,0.0004074480058497934
21513,0,0,0.00667940615602072
21240,1,0,0.4042251071026062
30460,1,1,0.9169720739936066
30825,0,0,0.15471424628568387
27031,0,0,0.4430178484611422
21314,0,0,0.0005886121469007117
17035,1,1,0.6737598422846535
12508,0,0,0.03516731227011527
21057,0,0,0.34351361746235326
2072,0,0,0.31826438352892755
15842,0,0,0.0020398139128765826
29140,0,1,0.6628588080921065
9873,0,0,0.010348803262133234
31759,0,0,0.41347829521037865
20981,0,0,0.014320342401650268
14561,0,0,0.03942094739537055
17184,0,0,0.0031139890324560424
17607,1,0,0.2643058146809148
23898,1,0,0.44142749809926846
1509,0,0,0.40377573254184296
18917,0,0,0.008965225350755552
31322,0,0,0.023121847273002993
26348,1,1,0.5720945649969243
31677,0,0,0.15075612888916465
26824,1,0,0.13481051449185055
15384,1,0,0.49172591419021056
24644,1,1,0.725000529360587
27503,1,0,0.20404611823672067
28637,0,0,0.22247480404911313
6735,0,0,0.12145655059364553
11836,0,0,0.407184599468634
28402,0,0,0.008922348272967855
20277,0,0,0.039989408357491145
19474,1,1,0.967104602847066
13693,0,0,0.39629964626207254
11635,1,0,0.36198383148880925
26771,0,0,0.025136221911507415
18775,0,0,0.0008062560448234977
16439,0,0,0.00335544413049634
9089,1,1,0.7911202245415568
20554,1,0,0.34284946973733715
18683,0,0,0.20269118478270207
17733,0,1,0.6113814294943548
31597,0,0,0.12058875889772507
26226,1,0,0.3694740660801649
25274,0,0,0.004883458595820108
22739,0,1,0.6919573390379745
16128,0,0,0.016562417660053504
5647,1,1,0.5972775079309675
30308,1,0,0.11233478554413108
28791,0,0,0.22820665882878544
4745,0,0,0.03454877511690418
15278,1,0,0.19452898225513934
3596,0,0,0.00023402800854359398
11795,1,1,0.5085042960255703
179,0,1,0.6970480711660715
8038,1,1,0.838726109844556
12111,0,0,0.0021465840798362344
3052,1,0,0.3109937473282709
3634,0,0,0.05874933429529581
8240,0,0,0.014300870245808645
18960,0,0,0.019968655807455587
32098,0,0,0.050247438823487166
10686,0,0,0.019078782872658625
27852,0,0,0.007372210058172474
19803,0,0,0.09366930619249943
10482,0,0,0.00016723294430903097
24112,0,0,0.0007452535576164034
10694,0,0,0.0008285244667439892
4476,0,0,0.0018170959193195598
19258,0,0,0.0005882924473891638
16846,0,0,0.013856517442539318
10209,1,0,0.31700166762681187
24736,0,0,0.012851789137807643
15085,0,0,0.0009086437440416414
3519,0,0,0.011936039944132566
21539,0,0,0.09410945897133179
15137,1,0,0.21022294949901768
22928,1,1,0.6173066582608456
26912,1,1,0.7251524214412562
19792,0,0,0.005460129543717322
11833,0,0,0.0031269631400267068
1702,0,0,0.055000364900456226
22030,0,0,0.06810257197204887
24301,1,1,0.9571537121607671
26839,0,0,0.0016220548754394498
7494,0,0,0.007434801236050468
12438,1,0,0.37149146216954526
19603,0,0,0.0006914697637368898
25681,0,0,0.009368364423115847
13297,0,0,0.023402596631441064
3963,0,0,0.01270662647394983
17920,0,0,0.3421122187827101
28498,0,0,0.13022991484497323
9813,0,0,0.05059669790752772
5916,0,0,0.4476976292784518
27790,0,0,0.0021589389619209105
23560,0,0,0.21967910732721788
24453,0,0,0.015133315333737638
29220,1,1,0.9899356467733971
3384,1,1,0.9938914116113736
10248,0,0,0.0014303531709159904
3818,0,0,0.4929459872110573
4390,1,1,0.6745389508829444
31374,0,0,0.009741878495838026
16910,0,0,0.009734643884895285
9504,0,0,0.006670855429456041
6430,0,0,0.13005948039069476
4462,0,0,0.2731929400418173
29415,0,0,0.001337036398001643
11480,1,1,0.5262755129537254
28587,0,1,0.5952447775894971
17604,0,0,0.01018242801214283
4081,0,0,0.0031776362525254495
7005,0,0,0.003710417502307378
22819,0,0,0.0005824986638416955
14183,0,0,0.15501285635052095
11529,0,0,0.30664640563992035
22812,1,1,0.8221375647609221
25777,0,0,0.10912913085632596
16322,0,0,0.4096386599791988
10003,0,0,0.0030946545241401584
2299,0,0,0.005382072810447513
22372,0,0,0.30209353185359183
11553,0,0,0.011806255854197215
26176,0,0,0.4895268091374958
6037,0,0,0.029966805806115354
26483,0,0,0.15165628472129533
17273,0,0,0.029438918690551447
3759,0,0,0.023513928117067335
21001,0,0,0.13646086376461
18149,0,0,0.04157519888617707
6978,0,1,0.5487101281568082
13390,1,1,0.540467475091659
22272,1,1,0.8702395407306595
20882,0,0,0.013133125346883379
32033,0,0,0.04041321681169778
3403,0,0,0.019948566010616148
10976,0,1,0.9058071443766021
10275,0,0,0.3044692090806137
29590,0,0,0.24660418747931578
6163,0,0,0.4415279351193228
15367,0,0,0.00020379701902981638
14569,0,0,0.005082285396620597
15750,0,0,0.0016219456618934555
25524,0,0,0.00072438937679698
20951,0,0,0.19828420436538877
11780,1,1,0.9954445293057249
21438,1,1,0.544964545131287
29190,0,0,0.010945272350608442
15237,0,0,0.03321067235786727
18350,1,1,0.9859563866188998
25735,0,0,0.09512264954216097
27550,1,0,0.4986489273244616
6156,0,0,0.04980677828451438
13853,1,1,0.8236427866759714
17190,1,1,0.5851953470127049
22213,1,1,0.6576932260442493
14126,0,0,0.28721893983302405
25037,0,0,0.015503081751631212
26979,0,0,0.023447247230539495
29600,0,0,0.010045480772038444
7452,0,0,0.06005986394646029
17898,0,0,0.06647964414514858
94,1,1,0.6052840173933951
5858,0,0,0.038510877381640836
18098,0,0,0.006160912733834788
1909,0,0,0.19154014655560506
29907,0,0,0.18804389299602972
25855,0,0,0.08017376597251259
9179,1,1,0.6045618144995673
29423,0,0,0.010381075821368867
6051,0,0,0.0016781458873674207
24619,0,1,0.674668419215505
29567,0,0,0.003987586099705999
25928,0,0,0.010197563830205406
18062,0,0,0.03379674202816017
5262,1,1,0.5485806196433494
4624,0,0,0.00839263198219362
26093,0,0,0.025550481597729612
11121,0,1,0.6305035621614236
1438,0,0,0.10869372351287603
7925,0,0,0.05379403694393184
13729,0,0,0.02408563240487772
17482,1,1,0.9930950980750066
3639,1,1,0.9665965266331923
12467,0,0,0.07179307175487804
11605,0,0,0.05329344326179741
31121,0,0,0.026697932371403766
9343,0,0,0.12705075597630594
17102,0,0,0.0027745857716574714
11797,0,0,0.008395776651196469
20065,1,1,0.995171521021331
8219,0,0,0.0013272610668669128
14877,1,1,0.5857229741364286
29405,1,1,0.9981356250505965
8796,0,0,0.0006154504015193701
11546,0,0,0.0004453065140672524
15942,1,1,0.5874237687152563
23405,1,1,0.9987429190246129
21655,0,0,0.00023140883954576996
32428,0,0,0.19566304229182144
10584,0,0,0.013858919912541354
7789,0,0,0.00129616278670769
21732,0,0,0.007851390269729147
3336,1,0,0.30508522279465067
18310,0,0,0.0018502403016948347
13065,0,0,0.016451251479207212
6325,0,0,0.0021651616907837883
28631,1,1,0.9877374025987145
8571,1,1,0.753610810421334
13521,0,0,0.0514421322282416
30829,0,0,0.16404113528637818
29082,0,0,0.10905173836875981
2646,0,0,0.00947834987772476
22108,1,0,0.012060589196659635
22418,1,1,0.9937627883480258
5578,1,1,0.6229664791625583
27172,0,0,0.005983290392028822
17073,0,0,0.002344573789750659
15324,0,0,0.05124155252723736
4560,0,0,0.004929059423424844
25233,0,0,0.06151364583888397
15476,0,0,0.012029750752697825
9570,0,0,0.035548787255178876
26480,0,0,0.28446393700693634
13426,0,0,0.2507809456947188
30733,0,0,0.26541256421201115
27375,0,0,0.35841884844307925
26144,0,0,0.00043831310793953493
1798,1,1,0.5472528670272746
14155,0,0,0.0076180981217177065
16646,0,0,0.0026626391366489782
8088,0,0,0.013093987684548974
15459,0,0,0.08741857870452406
13646,1,1,0.9983836398265201
22319,1,0,0.44609618716053373
14208,0,0,0.0037062989878223914
26612,0,0,0.0004453065140672524
6300,0,0,0.22751975981234088
28369,0,0,0.2986387339516157
24183,0,0,0.05118432307177954
27855,1,1,0.9910705372497429
21522,0,0,0.04245204611673136
7497,1,1,0.6302393773622841
11928,0,0,0.0009527137234295801
16587,1,1,0.9392516577184988
4803,0,0,0.011093450017737644
32144,0,0,0.14758541088724886
18020,0,0,0.130142512541247
13822,0,0,0.13122375109869217
17010,0,0,0.17065011686787215
30953,1,1,0.9818101815033525
11813,0,0,0.03373465206944524
247,0,0,0.003532235884178336
28300,1,1,0.9954115268137279
22654,0,1,0.6700054481264573
29522,0,0,0.004469224878382711
15610,0,0,0.0877840586567027
28410,1,0,0.08970470427300588
21012,0,0,0.011197513672656367
16195,0,1,0.5161688368478669
30255,0,0,0.01018383026696567
25309,1,0,0.14928810468434264
25238,0,0,0.05660641031427934
12518,1,1,0.9354829917463198
3141,0,0,0.17134317624352188
15756,1,0,0.2661320949400488
4636,1,0,0.4666205951658779
4945,0,0,0.045261197094115725
27086,0,0,0.059704133652116465
7541,1,1,0.7469166361365085
24039,0,0,0.02289456698609992
10526,1,1,0.715617346864876
20938,0,0,0.4284676754981587
2473,1,1,0.9441504746732585
24811,1,0,0.20062540365442924
19375,0,0,0.11666491714569072
29143,0,0,0.011887704741441874
2839,0,0,0.0974362074559928
21904,0,0,0.008163962661115427
4583,0,0,0.03232104391684479
25957,1,1,0.7243661159316193
31619,0,0,0.0012975665396499744
28268,1,1,0.592556954223176
31128,0,0,0.00963513367705851
18615,1,1,0.9520803075674378
22802,1,0,0.3883807246028801
11041,1,1,0.6671798406428996
2248,0,0,0.0009192583206556829
10537,1,1,0.71170564215219
2114,0,0,0.015337857509276388
13249,0,0,0.008555664741610599
17819,0,0,0.03574448572891183
283,0,0,0.17278173238904057
21060,0,0,0.000793310034620083
256,0,0,0.000749453992437465
12226,0,0,0.1602080130132573
21692,0,0,0.03858016468364498
19906,0,0,0.17037451088360697
17060,0,0,0.008301441108687276
23909,0,0,0.0003089647945051064
24665,0,1,0.6835207320986024
13485,0,0,0.0065454860593206834
4915,0,0,0.29369849149581495
28833,0,0,0.15377974506182468
18328,0,0,0.03287074659351597
6175,1,1,0.6694160455336314
8830,0,0,0.09806491344186381
12404,0,0,0.020630416501258814
14453,0,0,0.015337857509276388
15687,0,0,0.02690198058153769
14396,1,0,0.014495897212755947
3719,0,0,0.005555591924620202
20780,0,0,0.013716632000343057
6538,0,0,0.0010839716545253623
7464,0,0,0.002605406299520538
9138,1,1,0.9497770776785979
28040,0,0,0.006211045572880654
14119,0,0,0.007082459830890109
14095,0,0,0.046600991447083205
11131,0,0,0.21359952321733275
8851,0,0,0.019454834491241826
16209,0,0,0.01968368169395159
18885,0,0,0.0031896959790969908
30772,0,0,0.0004309385245024073
735,0,0,0.07278896243259099
4529,0,0,0.19058049002515456
13417,1,1,0.9965575782698295
18283,0,0,0.008453307960531087
7146,0,0,0.1862756378727866
8019,1,0,0.43868220734725405
6386,0,0,0.1129379188346407
2718,0,0,0.47617111492474457
16534,0,0,0.0038855941536295826
19225,0,0,0.0037080839951252986
13338,1,1,0.7254277702180577
13284,1,1,0.7857717823210096
12484,1,0,0.21646383745217893
13925,0,0,0.24312199304594836
3637,0,0,0.008922348272967855
20806,0,0,0.17466773321765794
4193,0,0,0.0013417248649620038
25538,1,1,0.6995513950714821
17835,1,1,0.620843639446079
31775,0,0,0.3836836212293368
18680,0,0,0.049718414908098085
12930,0,0,0.002659373173959013
7210,0,0,0.020170146029777975
14976,0,1,0.6812519802084526
1920,0,0,0.0050726532594202916
3250,0,0,0.2415856735897144
29789,0,0,0.00022992085793178493
26421,0,0,0.008792380368952097
30200,0,0,0.008512747071553093
6720,0,0,0.294925895614842
13657,0,0,0.0114947862179614
13188,0,1,0.6356940774033624
6442,0,0,0.020019113842543124
14171,0,0,0.17788304440465308
29412,0,0,0.00026761844064965404
26653,0,0,0.012574178311825506
23202,0,0,0.0012157814241719825
21989,0,0,0.005178441669047334
7298,0,0,0.024045757050313116
32207,1,1,0.9878902996358616
21962,0,0,0.02100264978120492
28228,1,1,0.5424146843963977
13082,0,0,0.05874933429529581
1448,1,1,0.6868956006704444
19344,1,1,0.9789666194653909
8766,1,1,0.7067375316635868
30261,0,0,0.025519839389847893
31985,0,0,0.01241511096249596
12500,1,0,0.1081541615440239
31983,0,0,0.09509789685441546
30110,0,0,0.027708939797333427
5834,1,1,0.7408837442070632
8971,1,1,0.8362375715925626
23733,0,0,0.04750671424764739
2366,0,0,0.03211926059689272
25390,0,0,0.01675306532747415
11578,0,0,0.07326999564857799
7734,0,0,0.029257071195389894
11961,0,0,0.019328422717904522
504,0,0,0.013896017478190706
2030,1,1,0.7214884904228493
25693,1,0,0.25819895009916555
3313,0,0,0.004921103119663146
31767,0,0,0.050569873571050326
16110,1,0,0.28757517562857515
11213,0,0,0.14605865420107983
26784,1,0,0.4882762153046905
22447,0,0,0.0009302955214910517
29775,0,0,0.051516246305569204
1254,0,0,0.00591437768334558
18460,0,0,0.0024893573470736586
26087,0,0,0.2695954272816541
10825,0,0,0.0294994744183554
32446,0,1,0.5935282737007378
30567,0,0,0.10635262172841475
17973,0,0,0.004976717696352494
5036,0,1,0.6892568406092048
11863,0,0,0.0069442564956345675
31923,0,0,0.021505427961340917
25435,0,0,0.005325381642663235
26620,1,0,0.48286790035502064
1342,0,0,0.05376505201133003
200,0,0,0.0272238577597039
7383,1,1,0.6435939304050691
25220,0,0,0.034602618337519535
14007,1,0,0.32268817042401987
4479,1,1,0.8080713729562747
13035,1,0,0.37186309728301437
31470,0,0,0.08139854123516066
8187,0,0,0.00144860592022295
25805,0,0,0.010374595758021951
2716,1,1,0.6945939478066293
17578,0,0,0.09136987990876899
32287,0,0,0.0009253716104384227
26355,0,0,0.3095249151351582
8328,0,0,0.01421513901550994
26274,0,0,0.001036879693302046
25144,0,0,0.007620771767407479
20199,0,1,0.7102060105433985
19563,0,0,0.00014916679192302642
3290,1,0,0.02247918133684707
24753,0,0,0.349343653385039
28125,0,0,0.007671468274328688
30058,1,1,0.9742089017898307
24300,1,1,0.7532053127184649
2487,0,0,0.020630416501258814
16430,0,0,0.0696427298911897
27364,0,1,0.581501022770848
22712,0,0,0.021710128593357286
30667,1,0,0.08598778132580731
12565,0,0,0.004382509108956833
16637,1,0,0.4404274984922429
26678,0,0,0.07126200012081076
702,0,0,0.0005830404059519717
10036,0,0,0.0021508659201996657
